{"stats":{"minecraft:dropped":{"minecraft:wheat_seeds":4,"farmersdelight:cabbage_seeds":2},"minecraft:picked_up":{"minecraft:birch_log":14,"minecraft:crafting_table":1,"minecraft:sweet_berries":2,"minecraft:oak_log":4,"minecraft:spruce_log":12,"minecraft:dirt":1,"minecraft:spider_eye":1,"minecraft:string":1,"minecraft:pumpkin_seeds":4,"minecraft:wheat_seeds":4},"minecraft:crafted":{"minecraft:crafting_table":1,"minecraft:spruce_planks":20,"minecraft:stick":4,"minecraft:wooden_pickaxe":1,"minecraft:wooden_axe":1},"minecraft:killed":{"alexsmobs:seal":1,"minecraft:spider":1},"minecraft:custom":{"minecraft:time_since_rest":35289,"minecraft:waystone_activated":3,"lootr:looted_stat":3,"minecraft:sprint_one_cm":103796,"minecraft:damage_taken":380,"minecraft:walk_one_cm":61485,"minecraft:mob_kills":2,"minecraft:drop":6,"minecraft:damage_dealt":297,"minecraft:talked_to_villager":5,"minecraft:swim_one_cm":18786,"minecraft:interact_with_crafting_table":2,"minecraft:fly_one_cm":210496,"minecraft:crouch_one_cm":1368,"minecraft:play_time":35289,"minecraft:sneak_time":476,"minecraft:walk_under_water_one_cm":6354,"minecraft:jump":724,"minecraft:time_since_death":35289,"minecraft:leave_game":1,"minecraft:walk_on_water_one_cm":5482,"minecraft:total_world_time":35289,"minecraft:fall_one_cm":16683},"minecraft:used":{"alexsmobs:spawn_egg_fly":1,"waystones:waystone":3,"create:copper_door":1,"minecraft:wooden_axe":34,"immersive_paintings:painting":1,"alexsmobs:spawn_egg_seal":1,"framedblocks:framed_slope":2,"minecraft:bread":5,"alexsmobs:spawn_egg_hummingbird":1,"chipped:square_magenta_stained_glass_pane":5,"immersive_paintings:glow_graffiti":13,"alexsmobs:spawn_egg_orca":2,"alexsmobs:spawn_egg_bone_serpent":1,"minecraft:dirt":1,"minecraft:sweet_berries":2,"minecraft:crafting_table":1,"alexsmobs:spawn_egg_crocodile":1,"alexsmobs:spawn_egg_gazelle":1,"alexsmobs:spawn_egg_roadrunner":1,"alexsmobs:animal_dictionary":2,"minecraft:potato":18,"minecraft:fern":1},"minecraft:mined":{"minecraft:large_fern":8,"minecraft:birch_log":15,"minecraft:sweet_berry_bush":1,"minecraft:spruce_log":12,"minecraft:crafting_table":1,"minecraft:grass":13,"minecraft:grass_block":1,"minecraft:oak_log":5,"minecraft:spruce_leaves":6,"minecraft:fern":27}},"DataVersion":3465}