{"stats":{"minecraft:crafted":{"minecraft:oak_planks":20,"minecraft:crafting_table":1,"minecraft:stick":4,"minecraft:wooden_pickaxe":1,"minecraft:wooden_axe":1},"minecraft:picked_up":{"minecraft:stick":2,"minecraft:crafting_table":1,"minecraft:brown_wool":1,"minecraft:wheat_seeds":1,"minecraft:oak_log":14,"minecraft:light_gray_wool":1,"minecraft:oak_sapling":1,"minecraft:mutton":4},"minecraft:custom":{"minecraft:time_since_rest":2207,"minecraft:crouch_one_cm":709,"minecraft:play_time":2207,"minecraft:sprint_one_cm":7298,"minecraft:damage_taken":20,"minecraft:walk_one_cm":6969,"minecraft:sneak_time":230,"minecraft:mob_kills":1,"minecraft:jump":33,"minecraft:damage_dealt":80,"minecraft:time_since_death":2207,"minecraft:total_world_time":2207,"minecraft:fall_one_cm":1587,"minecraft:interact_with_crafting_table":1,"minecraft:fly_one_cm":5323},"minecraft:used":{"minecraft:oak_log":1,"minecraft:wooden_axe":10,"minecraft:crafting_table":1},"minecraft:killed":{"minecraft:sheep":1},"minecraft:mined":{"minecraft:grass":1,"minecraft:oak_log":14,"minecraft:oak_leaves":6,"minecraft:crafting_table":1}},"DataVersion":3465}