{"stats":{"minecraft:crafted":{"minecraft:oak_planks":20,"minecraft:crafting_table":1,"minecraft:stick":4,"minecraft:wooden_pickaxe":1,"minecraft:wooden_axe":1},"minecraft:picked_up":{"minecraft:stick":2,"minecraft:crafting_table":1,"minecraft:brown_wool":1,"minecraft:wheat_seeds":8,"minecraft:porkchop":6,"minecraft:oak_log":18,"minecraft:white_wool":1,"minecraft:light_gray_wool":3,"minecraft:oak_sapling":1,"minecraft:mutton":7,"minecraft:dirt":13},"minecraft:custom":{"minecraft:time_since_rest":9943,"minecraft:crouch_one_cm":728,"minecraft:play_time":9943,"minecraft:sprint_one_cm":57289,"minecraft:damage_taken":100,"minecraft:walk_one_cm":20954,"minecraft:sneak_time":234,"minecraft:mob_kills":4,"minecraft:jump":269,"minecraft:damage_dealt":380,"minecraft:leave_game":1,"minecraft:time_since_death":9943,"minecraft:climb_one_cm":2805,"minecraft:total_world_time":9943,"minecraft:fall_one_cm":7326,"minecraft:interact_with_crafting_table":1,"minecraft:fly_one_cm":43471},"minecraft:used":{"minecraft:oak_log":2,"minecraft:wooden_axe":20,"minecraft:mutton":6,"minecraft:crafting_table":1,"minecraft:light_gray_wool":1},"minecraft:killed":{"minecraft:sheep":1,"minecraft:pig":3},"minecraft:mined":{"minecraft:grass_block":13,"minecraft:grass":65,"minecraft:oak_log":19,"minecraft:jungle_leaves":1,"minecraft:light_gray_wool":1,"minecraft:fern":7,"minecraft:oak_leaves":7,"minecraft:crafting_table":1}},"DataVersion":3465}