{"stats":{"minecraft:crafted":{"minecraft:oak_planks":20,"minecraft:crafting_table":1,"minecraft:stick":4,"minecraft:wooden_pickaxe":1,"minecraft:wooden_axe":1},"minecraft:picked_up":{"minecraft:stick":2,"minecraft:crafting_table":1,"minecraft:brown_wool":1,"minecraft:wheat_seeds":8,"minecraft:porkchop":6,"minecraft:oak_log":18,"minecraft:light_gray_wool":3,"minecraft:oak_sapling":1,"minecraft:mutton":7,"minecraft:dirt":13,"minecraft:white_wool":1},"minecraft:custom":{"minecraft:time_since_rest":10187,"minecraft:crouch_one_cm":728,"minecraft:play_time":10187,"minecraft:sprint_one_cm":58581,"minecraft:damage_taken":125,"minecraft:walk_one_cm":22091,"minecraft:sneak_time":234,"minecraft:mob_kills":5,"minecraft:jump":270,"minecraft:damage_dealt":491,"minecraft:leave_game":2,"minecraft:time_since_death":10187,"minecraft:interact_with_crafting_table":1,"minecraft:total_world_time":10187,"minecraft:climb_one_cm":2805,"minecraft:fly_one_cm":43511,"minecraft:fall_one_cm":7326},"minecraft:used":{"minecraft:light_gray_wool":1,"minecraft:oak_log":2,"minecraft:mutton":6,"minecraft:crafting_table":1,"minecraft:wooden_axe":22},"minecraft:killed":{"minecraft:sheep":1,"minecraft:pig":3},"minecraft:mined":{"minecraft:grass":65,"minecraft:grass_block":13,"minecraft:oak_log":19,"minecraft:jungle_leaves":1,"minecraft:light_gray_wool":1,"minecraft:oak_leaves":7,"minecraft:crafting_table":1,"minecraft:fern":7}},"DataVersion":3465}