{"stats":{"minecraft:used":{"minecraft:knowledge_book":43,"minecraft:netherite_sword":22,"minecraft:stone_pickaxe":32,"minecraft:wooden_pickaxe":4,"minecraft:ender_pearl":1,"minecraft:birch_boat":2,"minecraft:shield":19,"minecraft:white_wool":1,"minecraft:mutton":6,"minecraft:crafting_table":3,"alexscaves:beholder":1,"minecraft:oak_log":1,"minecraft:ender_eye":43,"minecraft:wooden_axe":16,"minecraft:bread":5,"alexscaves:desolate_dagger":4,"alexscaves:extinction_spear":198,"minecraft:cobblestone":3,"minecraft:bow":6,"minecraft:end_crystal":4,"minecraft:porkchop":3,"alexsmobs:animal_dictionary":1,"minecraft:end_portal_frame":14},"minecraft:dropped":{"minecraft:oak_log":1},"minecraft:custom":{"minecraft:mob_kills":19,"minecraft:interact_with_crafting_table":3,"minecraft:open_barrel":8,"minecraft:leave_game":1,"minecraft:time_since_death":5932,"minecraft:sleep_in_bed":2,"minecraft:time_since_rest":6007,"minecraft:sprint_one_cm":112103,"minecraft:open_enderchest":2,"minecraft:damage_taken":690,"minecraft:walk_one_cm":89426,"minecraft:damage_blocked_by_shield":1428,"minecraft:drop":1,"minecraft:damage_dealt":3200,"minecraft:swim_one_cm":3162,"minecraft:talked_to_villager":6,"minecraft:fly_one_cm":1177162,"minecraft:open_chest":16,"minecraft:crouch_one_cm":3176,"minecraft:play_time":60545,"minecraft:deaths":1,"minecraft:sneak_time":3240,"minecraft:walk_under_water_one_cm":9495,"minecraft:boat_one_cm":101160,"minecraft:jump":999,"minecraft:interact_with_brewingstand":1,"minecraft:walk_on_water_one_cm":3931,"minecraft:total_world_time":60545,"minecraft:fall_one_cm":20462},"minecraft:crafted":{"minecraft:crafting_table":1,"minecraft:wooden_pickaxe":1,"minecraft:birch_boat":1,"minecraft:birch_planks":20,"minecraft:stick":8,"minecraft:stone_pickaxe":1,"minecraft:wooden_axe":1},"minecraft:killed":{"minecraft:pig":1,"minecraft:spider":1,"minecraft:ender_dragon":1,"minecraft:shulker":1,"minecraft:phantom":1,"minecraft:sheep":5,"minecraft:skeleton":5,"minecraft:zombie":2,"minecraft:enderman":2},"minecraft:mined":{"regions_unexplored:silver_birch_leaf_pile":5,"minecraft:crafting_table":3,"minecraft:grass_block":1,"regions_unexplored:silver_birch_shrub":1,"minecraft:tall_grass":8,"regions_unexplored:purple_coneflower":5,"minecraft:large_fern":1,"minecraft:birch_log":5,"regions_unexplored:red_maple_leaf_pile":1,"regions_unexplored:sandy_grass":1,"minecraft:grass":138,"minecraft:coal_ore":14,"regions_unexplored:maple_leaf_pile":2,"regions_unexplored:apple_oak_leaves":1,"regions_unexplored:medium_grass":47,"regions_unexplored:orange_maple_leaf_pile":6,"minecraft:stone":22,"regions_unexplored:tassel":1,"minecraft:oak_leaves":3,"minecraft:fern":1},"minecraft:picked_up":{"minecraft:shulker_shell":1,"minecraft:birch_log":5,"minecraft:crafting_table":3,"regions_unexplored:silver_birch_shrub":1,"regions_unexplored:red_maple_leaf_pile":3,"minecraft:shield":1,"minecraft:gunpowder":1,"minecraft:string":3,"regions_unexplored:tassel":1,"minecraft:dirt":20,"minecraft:bone":1,"minecraft:bow":1,"minecraft:wheat_seeds":17,"minecraft:ender_eye":1,"regions_unexplored:orange_maple_leaf_pile":1,"regions_unexplored:silver_birch_leaf_pile":4,"minecraft:birch_boat":2,"minecraft:porkchop":3,"minecraft:amethyst_shard":1,"minecraft:spider_eye":1,"regions_unexplored:purple_coneflower":8,"minecraft:arrow":2,"minecraft:rotten_flesh":3,"minecraft:cobblestone":44,"minecraft:coal":14,"minecraft:mutton":6,"minecraft:iron_bars":10,"minecraft:white_wool":4,"regions_unexplored:apple_oak_sapling":1},"minecraft:killed_by":{"minecraft:enderman":1}},"DataVersion":3465}