{"stats":{"minecraft:dropped":{"minecraft:wheat_seeds":4,"farmersdelight:cabbage_seeds":2},"minecraft:picked_up":{"minecraft:birch_log":14,"minecraft:crafting_table":1,"minecraft:chicken":1,"minecraft:oak_log":4,"minecraft:string":1,"minecraft:dirt":1,"minecraft:wheat_seeds":4,"minecraft:egg":1,"alexsmobs:warped_muscle":1,"minecraft:sweet_berries":2,"alexsmobs:hemolymph_sac":5,"minecraft:spruce_log":12,"minecraft:spider_eye":1,"minecraft:pumpkin_seeds":4,"minecraft:rotten_flesh":2},"minecraft:crafted":{"minecraft:crafting_table":1,"minecraft:spruce_planks":20,"minecraft:wooden_pickaxe":1,"minecraft:stick":4,"minecraft:wooden_axe":1},"minecraft:killed":{"alexsmobs:seal":1,"minecraft:spider":1,"alexsmobs:cockroach":1,"alexsmobs:warped_mosco":1},"minecraft:custom":{"lootr:looted_stat":3,"minecraft:mob_kills":4,"minecraft:interact_with_crafting_table":2,"minecraft:leave_game":1,"minecraft:time_since_death":47289,"minecraft:time_since_rest":47289,"minecraft:waystone_activated":3,"minecraft:sprint_one_cm":107980,"minecraft:damage_taken":380,"minecraft:walk_one_cm":91222,"minecraft:drop":6,"minecraft:damage_dealt":1433,"minecraft:swim_one_cm":18786,"minecraft:talked_to_villager":5,"minecraft:fly_one_cm":277621,"minecraft:crouch_one_cm":3457,"minecraft:play_time":47289,"minecraft:sneak_time":1194,"minecraft:walk_under_water_one_cm":7633,"minecraft:jump":770,"minecraft:walk_on_water_one_cm":7369,"minecraft:total_world_time":47289,"minecraft:fall_one_cm":16683},"minecraft:used":{"alexsmobs:spawn_egg_mantis_shrimp":1,"alexsmobs:spawn_egg_soul_vulture":1,"create:handheld_worldshaper":2,"create:copper_door":1,"alexsmobs:spawn_egg_warped_toad":1,"alexsmobs:spawn_egg_seal":1,"framedblocks:framed_slope":2,"alexsmobs:spawn_egg_cockroach":1,"alexsmobs:spawn_egg_straddler":1,"alexsmobs:spawn_egg_orca":2,"alexsmobs:spawn_egg_bone_serpent":1,"alexsmobs:spawn_egg_capuchin_monkey":1,"alexsmobs:spawn_egg_warped_mosco":1,"minecraft:dirt":1,"alexsmobs:spawn_egg_mimicube":1,"minecraft:crafting_table":1,"alexsmobs:spawn_egg_crocodile":1,"alexsmobs:spawn_egg_dropbear":1,"alexsmobs:spawn_egg_guster":1,"alexsmobs:spawn_egg_centipede":1,"alexsmobs:spawn_egg_hammerhead_shark":1,"minecraft:fern":1,"alexsmobs:spawn_egg_lobster":1,"alexsmobs:spawn_egg_komodo_dragon":1,"waystones:waystone":3,"alexsmobs:spawn_egg_fly":1,"minecraft:wooden_axe":60,"alexsmobs:spawn_egg_mungus":1,"alexsmobs:spawn_egg_platypus":1,"immersive_paintings:painting":2,"alexsmobs:spawn_egg_gorilla":2,"alexsmobs:spawn_egg_alligator_snapping_turtle":1,"minecraft:bread":5,"alexsmobs:spawn_egg_hummingbird":1,"chipped:square_magenta_stained_glass_pane":5,"alexsmobs:spawn_egg_snow_leopard":1,"immersive_paintings:glow_graffiti":13,"alexsmobs:spawn_egg_stradpole":2,"alexsmobs:spawn_egg_endergrade":1,"alexsmobs:spawn_egg_rattlesnake":1,"minecraft:sweet_berries":2,"alexsmobs:spawn_egg_blobfish":1,"alexsmobs:spawn_egg_elephant":1,"alexsmobs:spawn_egg_emu":1,"alexsmobs:spawn_egg_tasmanian_devil":1,"alexsmobs:spawn_egg_shoebill":1,"alexsmobs:spawn_egg_crow":1,"alexsmobs:animal_dictionary":2,"alexsmobs:spawn_egg_crimson_mosquito":1,"alexsmobs:spawn_egg_moose":1,"alexsmobs:spawn_egg_gazelle":1,"alexsmobs:spawn_egg_roadrunner":1,"alexsmobs:spawn_egg_spectre":1,"minecraft:potato":18},"minecraft:mined":{"minecraft:crafting_table":1,"minecraft:grass_block":1,"minecraft:spruce_leaves":6,"minecraft:large_fern":8,"minecraft:birch_log":15,"minecraft:sweet_berry_bush":1,"minecraft:spruce_log":12,"minecraft:grass":13,"minecraft:oak_log":5,"minecraft:fern":27}},"DataVersion":3465}