{"stats":{"minecraft:dropped":{"minecraft:wheat_seeds":4,"farmersdelight:cabbage_seeds":2},"minecraft:picked_up":{"minecraft:birch_log":14,"minecraft:crafting_table":1,"minecraft:chicken":1,"minecraft:oak_log":4,"minecraft:string":1,"minecraft:dirt":1,"alexsmobs:shed_snake_skin":2,"minecraft:wheat_seeds":5,"minecraft:egg":1,"alexsmobs:warped_muscle":1,"minecraft:sweet_berries":2,"alexsmobs:hemolymph_sac":5,"minecraft:spruce_log":12,"minecraft:spider_eye":1,"minecraft:pumpkin_seeds":4,"minecraft:rotten_flesh":2},"minecraft:crafted":{"minecraft:crafting_table":1,"minecraft:spruce_planks":20,"minecraft:wooden_pickaxe":1,"minecraft:stick":4,"minecraft:wooden_axe":1},"minecraft:killed":{"alexsmobs:dropbear":1,"alexsmobs:seal":1,"minecraft:spider":1,"alexsmobs:cockroach":1,"alexsmobs:warped_mosco":1,"alexsmobs:skreecher":1},"minecraft:custom":{"lootr:looted_stat":3,"minecraft:mob_kills":6,"minecraft:interact_with_crafting_table":2,"minecraft:leave_game":1,"minecraft:time_since_death":71289,"minecraft:time_since_rest":71289,"minecraft:waystone_activated":3,"minecraft:sprint_one_cm":111339,"minecraft:damage_taken":380,"minecraft:walk_one_cm":132135,"minecraft:drop":6,"minecraft:damage_dealt":1820,"minecraft:swim_one_cm":18786,"minecraft:talked_to_villager":5,"minecraft:fly_one_cm":468040,"minecraft:crouch_one_cm":4594,"minecraft:play_time":71289,"minecraft:sneak_time":2040,"minecraft:walk_under_water_one_cm":28236,"minecraft:jump":822,"minecraft:walk_on_water_one_cm":42141,"minecraft:total_world_time":71289,"minecraft:fall_one_cm":16683},"minecraft:used":{"alexsmobs:spawn_egg_mantis_shrimp":1,"alexsmobs:spawn_egg_underminer":1,"minecraft:oak_fence":1,"alexsmobs:spawn_egg_soul_vulture":1,"create:handheld_worldshaper":2,"create:copper_door":1,"alexsmobs:spawn_egg_skunk":1,"alexsmobs:spawn_egg_anteater":2,"alexsmobs:spawn_egg_mudskipper":1,"alexsmobs:spawn_egg_warped_toad":1,"alexsmobs:spawn_egg_seal":1,"framedblocks:framed_slope":2,"alexsmobs:spawn_egg_tiger":2,"alexsmobs:spawn_egg_toucan":1,"alexsmobs:spawn_egg_comb_jelly":2,"alexsmobs:spawn_egg_anaconda":2,"alexsmobs:spawn_egg_enderiophage":1,"alexsmobs:spawn_egg_cockroach":1,"alexsmobs:spawn_egg_bald_eagle":1,"alexsmobs:spawn_egg_straddler":1,"alexsmobs:spawn_egg_farseer":1,"alexsmobs:spawn_egg_laviathan":1,"alexsmobs:spawn_egg_jerboa":1,"alexsmobs:spawn_egg_skreecher":1,"alexsmobs:spawn_egg_orca":2,"alexsmobs:spawn_egg_bone_serpent":1,"alexsmobs:spawn_egg_capuchin_monkey":1,"alexsmobs:spawn_egg_warped_mosco":1,"minecraft:dirt":1,"alexsmobs:spawn_egg_skelewag":1,"alexsmobs:spawn_egg_gelada_monkey":1,"alexsmobs:spawn_egg_mimic_octopus":1,"alexsmobs:spawn_egg_mimicube":1,"minecraft:crafting_table":1,"alexsmobs:spawn_egg_crocodile":1,"alexsmobs:spawn_egg_flying_fish":1,"alexsmobs:spawn_egg_dropbear":1,"alexsmobs:spawn_egg_guster":1,"alexsmobs:spawn_egg_maned_wolf":1,"alexsmobs:spawn_egg_centipede":1,"alexsmobs:spawn_egg_hammerhead_shark":1,"alexsmobs:spawn_egg_bunfungus":1,"alexsmobs:spawn_egg_terrapin":1,"alexsmobs:spawn_egg_kangaroo":1,"minecraft:fern":1,"alexsmobs:spawn_egg_lobster":1,"alexsmobs:spawn_egg_komodo_dragon":1,"alexsmobs:spawn_egg_murmur":1,"waystones:waystone":3,"alexsmobs:spawn_egg_fly":1,"minecraft:wooden_axe":64,"alexsmobs:spawn_egg_mungus":1,"alexsmobs:spawn_egg_platypus":1,"alexsmobs:spawn_egg_rocky_roller":1,"minecraft:grass_block":2,"immersive_paintings:painting":2,"alexsmobs:spawn_egg_gorilla":2,"alexsmobs:spawn_egg_alligator_snapping_turtle":1,"minecraft:bread":5,"alexsmobs:spawn_egg_cosmaw":1,"alexsmobs:spawn_egg_hummingbird":1,"alexsmobs:spawn_egg_devils_hole_pupfish":1,"chipped:square_magenta_stained_glass_pane":5,"alexsmobs:spawn_egg_flutter":1,"alexsmobs:spawn_egg_leafcutter_ant":1,"alexsmobs:spawn_egg_tusklin":2,"alexsmobs:spawn_egg_snow_leopard":1,"immersive_paintings:glow_graffiti":13,"alexsmobs:spawn_egg_cachalot_whale":1,"alexsmobs:spawn_egg_frilled_shark":1,"alexsmobs:spawn_egg_stradpole":2,"alexsmobs:spawn_egg_rain_frog":1,"alexsmobs:spawn_egg_rhinoceros":1,"alexsmobs:spawn_egg_endergrade":1,"alexsmobs:spawn_egg_tarantula_hawk":1,"minecraft:beef":1,"alexsmobs:spawn_egg_rattlesnake":1,"alexsmobs:spawn_egg_bison":1,"alexsmobs:spawn_egg_sugar_glider":1,"minecraft:sweet_berries":2,"alexsmobs:spawn_egg_blobfish":1,"alexsmobs:spawn_egg_elephant":1,"alexsmobs:spawn_egg_emu":1,"alexsmobs:spawn_egg_giant_squid":2,"alexsmobs:spawn_egg_void_worm":1,"alexsmobs:spawn_egg_froststalker":1,"alexsmobs:spawn_egg_seagull":1,"alexsmobs:spawn_egg_tasmanian_devil":1,"alexsmobs:spawn_egg_shoebill":1,"alexsmobs:spawn_egg_crow":1,"alexsmobs:animal_dictionary":2,"alexsmobs:spawn_egg_crimson_mosquito":1,"alexsmobs:spawn_egg_moose":1,"alexsmobs:spawn_egg_gazelle":1,"alexsmobs:spawn_egg_roadrunner":1,"alexsmobs:spawn_egg_spectre":1,"alexsmobs:spawn_egg_potoo":1,"minecraft:potato":18,"alexsmobs:spawn_egg_cosmic_cod":1},"minecraft:mined":{"minecraft:crafting_table":1,"minecraft:grass_block":1,"minecraft:spruce_leaves":6,"minecraft:large_fern":8,"minecraft:birch_log":15,"minecraft:sweet_berry_bush":1,"minecraft:spruce_log":12,"minecraft:grass":13,"minecraft:oak_log":5,"minecraft:fern":27}},"DataVersion":3465}