{"stats":{"minecraft:used":{"minecraft:knowledge_book":43,"alexsmobs:spawn_egg_soul_vulture":1,"minecraft:netherite_sword":22,"framedblocks:framed_inner_corner_slope":1,"farmersdelight:skillet":1,"minecraft:stone_pickaxe":32,"alexsmobs:spawn_egg_tiger":2,"minecraft:wooden_pickaxe":4,"minecraft:ender_pearl":1,"minecraft:birch_boat":2,"minecraft:shield":19,"alexsmobs:spawn_egg_anaconda":1,"alexsmobs:spawn_egg_enderiophage":1,"minecraft:white_wool":1,"minecraft:mutton":6,"minecraft:crafting_table":3,"create:cogwheel":4,"alexscaves:spawn_egg_nucleeper":1,"alexscaves:beholder":1,"minecraft:oak_log":1,"minecraft:ender_eye":43,"minecraft:wooden_axe":16,"alexsmobs:spawn_egg_gorilla":1,"minecraft:bread":5,"alexscaves:desolate_dagger":4,"alexscaves:extinction_spear":206,"alexsmobs:spawn_egg_tarantula_hawk":1,"minecraft:cobblestone":3,"minecraft:bow":33,"minecraft:end_crystal":4,"alexsmobs:spawn_egg_void_worm":1,"minecraft:porkchop":3,"alexsmobs:spawn_egg_tasmanian_devil":3,"alexsmobs:spawn_egg_crimson_mosquito":1,"alexsmobs:animal_dictionary":1,"minecraft:end_portal_frame":14,"create:large_cogwheel":1},"minecraft:dropped":{"minecraft:kelp":8,"minecraft:oak_log":1,"minecraft:dirt":5},"minecraft:custom":{"minecraft:mob_kills":29,"minecraft:interact_with_crafting_table":3,"minecraft:open_barrel":8,"minecraft:leave_game":1,"minecraft:time_since_death":1145,"minecraft:sleep_in_bed":2,"minecraft:time_since_rest":1304,"minecraft:waystone_activated":1,"minecraft:sprint_one_cm":130764,"minecraft:open_enderchest":2,"minecraft:damage_taken":1280,"minecraft:walk_one_cm":113398,"minecraft:damage_blocked_by_shield":1428,"minecraft:drop":3,"minecraft:damage_dealt":3480,"minecraft:swim_one_cm":10296,"minecraft:talked_to_villager":6,"minecraft:fly_one_cm":1507925,"minecraft:open_chest":25,"minecraft:crouch_one_cm":4258,"minecraft:play_time":84545,"minecraft:deaths":2,"minecraft:sneak_time":4150,"minecraft:walk_under_water_one_cm":52329,"minecraft:boat_one_cm":101160,"minecraft:jump":1140,"minecraft:interact_with_brewingstand":1,"minecraft:walk_on_water_one_cm":25754,"minecraft:total_world_time":84545,"minecraft:fall_one_cm":20462},"minecraft:crafted":{"minecraft:crafting_table":1,"minecraft:wooden_pickaxe":1,"minecraft:birch_boat":1,"minecraft:birch_planks":20,"minecraft:stick":8,"minecraft:stone_pickaxe":1,"minecraft:wooden_axe":1},"minecraft:killed":{"minecraft:pig":1,"alexsmobs:raccoon":1,"minecraft:spider":2,"minecraft:ender_dragon":1,"minecraft:creeper":1,"minecraft:shulker":1,"minecraft:phantom":1,"minecraft:sheep":5,"minecraft:skeleton":8,"minecraft:zombie":2,"minecraft:chicken":1,"minecraft:cow":3,"minecraft:enderman":2},"minecraft:mined":{"regions_unexplored:silver_birch_leaf_pile":5,"minecraft:crafting_table":3,"minecraft:grass_block":1,"regions_unexplored:silver_birch_shrub":1,"minecraft:tall_grass":8,"regions_unexplored:purple_coneflower":5,"minecraft:large_fern":1,"minecraft:birch_log":5,"regions_unexplored:red_maple_leaf_pile":1,"regions_unexplored:sandy_grass":1,"minecraft:grass":138,"minecraft:coal_ore":14,"regions_unexplored:maple_leaf_pile":2,"regions_unexplored:apple_oak_leaves":1,"regions_unexplored:medium_grass":47,"regions_unexplored:orange_maple_leaf_pile":6,"minecraft:stone":22,"regions_unexplored:tassel":1,"minecraft:oak_leaves":3,"minecraft:fern":1},"minecraft:picked_up":{"minecraft:shulker_shell":1,"minecraft:birch_log":5,"minecraft:crafting_table":3,"regions_unexplored:silver_birch_shrub":1,"regions_unexplored:red_maple_leaf_pile":3,"minecraft:shield":1,"minecraft:gunpowder":1,"minecraft:string":3,"regions_unexplored:tassel":1,"minecraft:dirt":25,"minecraft:bone":4,"minecraft:kelp":8,"minecraft:bow":1,"minecraft:wheat_seeds":17,"minecraft:beef":1,"minecraft:ender_eye":1,"alexsmobs:raccoon_tail":1,"regions_unexplored:orange_maple_leaf_pile":1,"minecraft:egg":1,"regions_unexplored:silver_birch_leaf_pile":4,"minecraft:birch_boat":2,"minecraft:porkchop":3,"minecraft:amethyst_shard":1,"minecraft:spider_eye":1,"regions_unexplored:purple_coneflower":8,"minecraft:arrow":3,"minecraft:rotten_flesh":3,"minecraft:cobblestone":45,"minecraft:coal":14,"minecraft:mutton":6,"minecraft:iron_bars":10,"minecraft:white_wool":4,"regions_unexplored:apple_oak_sapling":1},"minecraft:killed_by":{"minecraft:enderman":1}},"DataVersion":3465}