{"stats":{"minecraft:crafted":{"minecraft:oak_planks":20,"minecraft:crafting_table":1,"minecraft:stick":4,"minecraft:wooden_pickaxe":1,"minecraft:wooden_axe":1},"minecraft:picked_up":{"minecraft:stick":2,"minecraft:crafting_table":1,"minecraft:brown_wool":1,"minecraft:porkchop":6,"minecraft:oak_log":20,"minecraft:string":2,"minecraft:spider_eye":1,"minecraft:dirt":25,"minecraft:wheat_seeds":8,"minecraft:light_gray_wool":3,"minecraft:oak_sapling":1,"minecraft:mutton":7,"minecraft:white_wool":1,"minecraft:cobblestone":1},"minecraft:custom":{"minecraft:time_since_rest":15872,"minecraft:sprint_one_cm":60727,"minecraft:damage_taken":145,"minecraft:walk_one_cm":26576,"minecraft:mob_kills":6,"minecraft:damage_dealt":651,"minecraft:interact_with_crafting_table":1,"minecraft:fly_one_cm":44667,"minecraft:crouch_one_cm":728,"minecraft:play_time":15872,"minecraft:sneak_time":250,"minecraft:jump":280,"minecraft:leave_game":4,"minecraft:time_since_death":15872,"minecraft:climb_one_cm":2805,"minecraft:total_world_time":15872,"minecraft:fall_one_cm":7744},"minecraft:used":{"minecraft:oak_log":2,"minecraft:wooden_axe":30,"minecraft:wooden_pickaxe":1,"minecraft:light_gray_wool":2,"minecraft:mutton":7,"minecraft:crafting_table":1},"minecraft:mined":{"minecraft:jungle_leaves":1,"minecraft:light_gray_wool":1,"minecraft:crafting_table":1,"minecraft:grass":65,"minecraft:grass_block":14,"minecraft:oak_log":22,"minecraft:dirt":11,"minecraft:stone":1,"minecraft:oak_leaves":7,"minecraft:fern":7},"minecraft:killed":{"minecraft:sheep":1,"minecraft:pig":3,"minecraft:spider":1}},"DataVersion":3465}