{"stats":{"minecraft:dropped":{"minecraft:wheat_seeds":4,"farmersdelight:cabbage_seeds":2},"minecraft:picked_up":{"minecraft:birch_log":6,"minecraft:crafting_table":1,"minecraft:sweet_berries":2,"minecraft:oak_log":4,"minecraft:spruce_log":12,"minecraft:spider_eye":1,"minecraft:string":1,"minecraft:pumpkin_seeds":4,"minecraft:wheat_seeds":4},"minecraft:crafted":{"minecraft:crafting_table":1,"minecraft:spruce_planks":20,"minecraft:stick":4,"minecraft:wooden_pickaxe":1,"minecraft:wooden_axe":1},"minecraft:killed":{"alexsmobs:seal":1,"minecraft:spider":1},"minecraft:custom":{"minecraft:time_since_rest":23289,"lootr:looted_stat":3,"minecraft:sprint_one_cm":88504,"minecraft:damage_taken":350,"minecraft:walk_one_cm":39321,"minecraft:mob_kills":2,"minecraft:drop":6,"minecraft:damage_dealt":297,"minecraft:talked_to_villager":5,"minecraft:swim_one_cm":16000,"minecraft:interact_with_crafting_table":2,"minecraft:fly_one_cm":124499,"minecraft:crouch_one_cm":731,"minecraft:play_time":23289,"minecraft:sneak_time":257,"minecraft:walk_under_water_one_cm":2947,"minecraft:jump":592,"minecraft:time_since_death":23289,"minecraft:leave_game":1,"minecraft:walk_on_water_one_cm":3145,"minecraft:total_world_time":23289,"minecraft:fall_one_cm":14861},"minecraft:used":{"minecraft:wooden_axe":26,"framedblocks:framed_slope":2,"minecraft:bread":5,"chipped:square_magenta_stained_glass_pane":5,"minecraft:sweet_berries":2,"minecraft:crafting_table":1,"alexsmobs:animal_dictionary":2,"minecraft:potato":18,"minecraft:fern":1},"minecraft:mined":{"minecraft:large_fern":8,"minecraft:birch_log":7,"minecraft:sweet_berry_bush":1,"minecraft:spruce_log":12,"minecraft:crafting_table":1,"minecraft:grass":9,"minecraft:oak_log":5,"minecraft:spruce_leaves":6,"minecraft:fern":27}},"DataVersion":3465}