{
  "storagedrawers:recipes/storagedrawers/one_stack_upgrade": {
    "criteria": {
      "has_template": "2024-08-04 00:25:35 +0000"
    },
    "done": true
  },
  "mcwfences:recipes/dark_oak": {
    "criteria": {
      "has_dark_oak": "2024-08-04 00:25:35 +0000"
    },
    "done": true
  },
  "mcwfences:recipes/crimson": {
    "criteria": {
      "has_crimson": "2024-08-04 00:25:35 +0000"
    },
    "done": true
  },
  "mcwfences:recipes/prismarine": {
    "criteria": {
      "has_qq": "2024-08-04 00:25:35 +0000"
    },
    "done": true
  },
  "mcwfences:recipes/quartz": {
    "criteria": {
      "has_qq": "2024-08-04 00:25:35 +0000"
    },
    "done": true
  },
  "create:root": {
    "criteria": {
      "0": "2024-08-04 00:25:35 +0000"
    },
    "done": true
  },
  "storagedrawers:recipes/storagedrawers/diamond_storage_upgrade": {
    "criteria": {
      "has_template": "2024-08-04 00:25:35 +0000"
    },
    "done": true
  },
  "mcwfences:recipes/jungle": {
    "criteria": {
      "has_jungle": "2024-08-04 00:25:35 +0000"
    },
    "done": true
  },
  "storagedrawers:recipes/storagedrawers/illumination_upgrade": {
    "criteria": {
      "has_template": "2024-08-04 00:25:35 +0000"
    },
    "done": true
  },
  "mcwfences:recipes/mangrove": {
    "criteria": {
      "has_mangrove": "2024-08-04 00:25:35 +0000"
    },
    "done": true
  },
  "mcwfences:recipes/warped": {
    "criteria": {
      "has_warped": "2024-08-04 00:25:35 +0000"
    },
    "done": true
  },
  "mcwfences:recipes/nether": {
    "criteria": {
      "has_nether_brick": "2024-08-04 00:25:35 +0000"
    },
    "done": true
  },
  "storagedrawers:recipes/storagedrawers/acacia_trim": {
    "criteria": {
      "has_planks": "2024-08-04 00:25:35 +0000"
    },
    "done": true
  },
  "storagedrawers:recipes/storagedrawers/crimson_trim": {
    "criteria": {
      "has_planks": "2024-08-04 00:25:35 +0000"
    },
    "done": true
  },
  "mcwfences:recipes/bamboo": {
    "criteria": {
      "has_bamboo": "2024-08-04 00:25:35 +0000"
    },
    "done": true
  },
  "mcwfences:recipes/spruce": {
    "criteria": {
      "has_spruce": "2024-08-04 00:25:35 +0000"
    },
    "done": true
  },
  "storagedrawers:recipes/storagedrawers/concealment_key": {
    "criteria": {
      "has_template": "2024-08-04 00:25:35 +0000"
    },
    "done": true
  },
  "storagedrawers:recipes/storagedrawers/drawer_key": {
    "criteria": {
      "has_template": "2024-08-04 00:25:35 +0000"
    },
    "done": true
  },
  "storagedrawers:recipes/storagedrawers/min_redstone_upgrade": {
    "criteria": {
      "has_template": "2024-08-04 00:25:35 +0000"
    },
    "done": true
  },
  "mcwfences:recipes/birch": {
    "criteria": {
      "has_birch": "2024-08-04 00:25:35 +0000"
    },
    "done": true
  },
  "storagedrawers:recipes/storagedrawers/gold_storage_upgrade": {
    "criteria": {
      "has_template": "2024-08-04 00:25:35 +0000"
    },
    "done": true
  },
  "mcwfences:recipes/stone": {
    "criteria": {
      "has_stone": "2024-08-04 00:25:35 +0000"
    },
    "done": true
  },
  "mcwfences:recipes/end": {
    "criteria": {
      "has_end_brick": "2024-08-04 00:25:35 +0000"
    },
    "done": true
  },
  "mcwfences:recipes/sandstone": {
    "criteria": {
      "has_sand": "2024-08-04 00:25:35 +0000"
    },
    "done": true
  },
  "mcwfences:recipes/acacia": {
    "criteria": {
      "has_acacia": "2024-08-04 00:25:35 +0000"
    },
    "done": true
  },
  "mcwfences:recipes/oak": {
    "criteria": {
      "has_oak": "2024-08-04 00:25:35 +0000"
    },
    "done": true
  },
  "storagedrawers:recipes/storagedrawers/birch_trim": {
    "criteria": {
      "has_planks": "2024-08-04 00:25:35 +0000"
    },
    "done": true
  },
  "storagedrawers:recipes/storagedrawers/void_upgrade": {
    "criteria": {
      "has_template": "2024-08-04 00:25:35 +0000"
    },
    "done": true
  },
  "storagedrawers:recipes/storagedrawers/warped_trim": {
    "criteria": {
      "has_planks": "2024-08-04 00:25:35 +0000"
    },
    "done": true
  },
  "storagedrawers:recipes/storagedrawers/jungle_trim": {
    "criteria": {
      "has_planks": "2024-08-04 00:25:35 +0000"
    },
    "done": true
  },
  "mcwfences:recipes/mud_brick": {
    "criteria": {
      "has_qq": "2024-08-04 00:25:35 +0000"
    },
    "done": true
  },
  "storagedrawers:recipes/storagedrawers/fill_level_upgrade": {
    "criteria": {
      "has_template": "2024-08-04 00:25:35 +0000"
    },
    "done": true
  },
  "storagedrawers:recipes/storagedrawers/max_redstone_upgrade": {
    "criteria": {
      "has_template": "2024-08-04 00:25:35 +0000"
    },
    "done": true
  },
  "mcwfences:recipes/blackstone": {
    "criteria": {
      "has_blackstone": "2024-08-04 00:25:35 +0000"
    },
    "done": true
  },
  "mcwfences:recipes/hedge": {
    "criteria": {
      "has_birch": "2024-08-04 00:25:35 +0000"
    },
    "done": true
  },
  "storagedrawers:recipes/storagedrawers/redstone_upgrade": {
    "criteria": {
      "has_template": "2024-08-04 00:25:35 +0000"
    },
    "done": true
  },
  "storagedrawers:recipes/storagedrawers/spruce_trim": {
    "criteria": {
      "has_planks": "2024-08-04 00:25:35 +0000"
    },
    "done": true
  },
  "mcwfences:recipes/deepslate": {
    "criteria": {
      "has_deepslate": "2024-08-04 00:25:35 +0000"
    },
    "done": true
  },
  "farmersdelight:main/root": {
    "criteria": {
      "seeds": "2024-08-04 00:25:35 +0000"
    },
    "done": true
  },
  "storagedrawers:recipes/storagedrawers/quantify_key": {
    "criteria": {
      "has_template": "2024-08-04 00:25:35 +0000"
    },
    "done": true
  },
  "storagedrawers:recipes/storagedrawers/dark_oak_trim": {
    "criteria": {
      "has_planks": "2024-08-04 00:25:35 +0000"
    },
    "done": true
  },
  "storagedrawers:recipes/storagedrawers/oak_trim": {
    "criteria": {
      "has_planks": "2024-08-04 00:25:35 +0000"
    },
    "done": true
  },
  "storagedrawers:recipes/storagedrawers/emerald_storage_upgrade": {
    "criteria": {
      "has_template": "2024-08-04 00:25:35 +0000"
    },
    "done": true
  },
  "storagedrawers:recipes/storagedrawers/obsidian_storage_upgrade": {
    "criteria": {
      "has_template": "2024-08-04 00:25:35 +0000"
    },
    "done": true
  },
  "storagedrawers:recipes/storagedrawers/iron_storage_upgrade": {
    "criteria": {
      "has_template": "2024-08-04 00:25:35 +0000"
    },
    "done": true
  },
  "minecraft:recipes/decorations/crafting_table": {
    "criteria": {
      "unlock_right_away": "2024-08-04 00:25:36 +0000"
    },
    "done": true
  },
  "lootr:root": {
    "criteria": {
      "always_true": "2024-08-04 00:25:36 +0000"
    },
    "done": true
  },
  "minecraft:adventure/adventuring_time": {
    "criteria": {
      "minecraft:old_growth_pine_taiga": "2024-08-04 00:32:04 +0000",
      "minecraft:taiga": "2024-08-04 00:25:37 +0000",
      "minecraft:birch_forest": "2024-08-04 00:36:49 +0000",
      "minecraft:savanna_plateau": "2024-08-04 15:57:02 +0000",
      "minecraft:beach": "2024-08-04 00:32:18 +0000",
      "minecraft:dark_forest": "2024-08-04 00:35:46 +0000",
      "minecraft:river": "2024-08-04 00:29:32 +0000",
      "minecraft:forest": "2024-08-04 00:40:35 +0000",
      "minecraft:ocean": "2024-08-04 15:16:33 +0000",
      "minecraft:old_growth_spruce_taiga": "2024-08-04 00:32:42 +0000",
      "minecraft:flower_forest": "2024-08-04 15:56:33 +0000",
      "minecraft:old_growth_birch_forest": "2024-08-04 00:37:20 +0000",
      "minecraft:meadow": "2024-08-04 15:55:48 +0000",
      "minecraft:savanna": "2024-08-04 15:56:44 +0000",
      "minecraft:plains": "2024-08-04 15:16:46 +0000"
    },
    "done": false
  },
  "alexsmobs:alexsmobs/root": {
    "criteria": {
      "useitem": "2024-08-04 00:25:49 +0000"
    },
    "done": true
  },
  "minecraft:husbandry/root": {
    "criteria": {
      "consumed_item": "2024-08-04 00:25:49 +0000"
    },
    "done": true
  },
  "mcwbridges:recipes/spruce_bridge_pier": {
    "criteria": {
      "has_planks": "2024-08-04 00:26:12 +0000"
    },
    "done": true
  },
  "mcwtrpdoors:recipes/print_cottage": {
    "criteria": {
      "has_logs": "2024-08-04 00:26:12 +0000"
    },
    "done": true
  },
  "naturescompass:natures_compass": {
    "criteria": {
      "has_recipe": "2024-08-04 00:26:12 +0000"
    },
    "done": true
  },
  "mcwtrpdoors:recipes/spruce/spruce_barrel_trapdoor": {
    "criteria": {
      "has_logs": "2024-08-04 00:26:12 +0000"
    },
    "done": true
  },
  "minecraft:recipes/misc/charcoal": {
    "criteria": {
      "has_log": "2024-08-04 00:26:12 +0000"
    },
    "done": true
  },
  "naturescompass:natures_compass_log": {
    "criteria": {
      "has_log": "2024-08-04 00:26:12 +0000"
    },
    "done": true
  },
  "naturescompass:natures_compass_sapling": {
    "criteria": {
      "has_recipe": "2024-08-04 00:26:12 +0000"
    },
    "done": true
  },
  "mcwtrpdoors:recipes/spruce/spruce_ranch_trapdoor": {
    "criteria": {
      "has_logs": "2024-08-04 00:26:12 +0000"
    },
    "done": true
  },
  "mcwtrpdoors:recipes/mangrove/mangrove_ranch_trapdoor": {
    "criteria": {
      "has_logs": "2024-08-04 00:26:12 +0000"
    },
    "done": true
  },
  "mcwtrpdoors:recipes/bamboo/bamboo_ranch_trapdoor": {
    "criteria": {
      "has_logs": "2024-08-04 00:26:12 +0000"
    },
    "done": true
  },
  "mcwtrpdoors:recipes/spruce/spruce_tropical_trapdoor": {
    "criteria": {
      "has_logs": "2024-08-04 00:26:12 +0000"
    },
    "done": true
  },
  "mcwtrpdoors:recipes/spruce/spruce_classic_trapdoor": {
    "criteria": {
      "has_logs": "2024-08-04 00:26:12 +0000"
    },
    "done": true
  },
  "mcwtrpdoors:recipes/spruce/spruce_barn_trapdoor": {
    "criteria": {
      "has_logs": "2024-08-04 00:26:12 +0000"
    },
    "done": true
  },
  "mcwtrpdoors:recipes/spruce/spruce_mystic_trapdoor": {
    "criteria": {
      "has_logs": "2024-08-04 00:26:12 +0000"
    },
    "done": true
  },
  "mcwtrpdoors:recipes/spruce/spruce_paper_trapdoor": {
    "criteria": {
      "has_logs": "2024-08-04 00:26:12 +0000"
    },
    "done": true
  },
  "mcwtrpdoors:recipes/spruce/spruce_swamp_trapdoor": {
    "criteria": {
      "has_logs": "2024-08-04 00:26:12 +0000"
    },
    "done": true
  },
  "minecraft:recipes/building_blocks/spruce_wood": {
    "criteria": {
      "has_log": "2024-08-04 00:26:12 +0000"
    },
    "done": true
  },
  "mcwtrpdoors:recipes/spruce/spruce_glass_trapdoor": {
    "criteria": {
      "has_logs": "2024-08-04 00:26:12 +0000"
    },
    "done": true
  },
  "mcwtrpdoors:recipes/acacia/spruce_bark_trapdoor": {
    "criteria": {
      "has_logs": "2024-08-04 00:26:12 +0000"
    },
    "done": true
  },
  "minecraft:recipes/building_blocks/spruce_planks": {
    "criteria": {
      "has_logs": "2024-08-04 00:26:12 +0000"
    },
    "done": true
  },
  "mcwtrpdoors:recipes/spruce/spruce_beach_trapdoor": {
    "criteria": {
      "has_logs": "2024-08-04 00:26:12 +0000"
    },
    "done": true
  },
  "mcwtrpdoors:recipes/cherry/cherry_ranch_trapdoor": {
    "criteria": {
      "has_logs": "2024-08-04 00:26:12 +0000"
    },
    "done": true
  },
  "mcwtrpdoors:recipes/acacia/mangrove_bark_trapdoor": {
    "criteria": {
      "has_logs": "2024-08-04 00:26:12 +0000"
    },
    "done": true
  },
  "mcwtrpdoors:recipes/spruce/spruce_four_panel_trapdoor": {
    "criteria": {
      "has_logs": "2024-08-04 00:26:12 +0000"
    },
    "done": true
  },
  "mcwdoors:recipes/spruce": {
    "criteria": {
      "has_wood": "2024-08-04 00:26:12 +0000"
    },
    "done": true
  },
  "mcwtrpdoors:recipes/spruce/spruce_barred_trapdoor": {
    "criteria": {
      "has_logs": "2024-08-04 00:26:12 +0000"
    },
    "done": true
  },
  "mcwbridges:recipes/spruce_rail_bridge": {
    "criteria": {
      "has_planks": "2024-08-04 00:26:18 +0000"
    },
    "done": true
  },
  "mcwbridges:recipes/rope_spruce_bridge": {
    "criteria": {
      "has_planks": "2024-08-04 00:26:18 +0000"
    },
    "done": true
  },
  "minecraft:recipes/misc/stick": {
    "criteria": {
      "has_planks": "2024-08-04 00:26:18 +0000"
    },
    "done": true
  },
  "minecraft:recipes/decorations/spruce_fence": {
    "criteria": {
      "has_planks": "2024-08-04 00:26:18 +0000"
    },
    "done": true
  },
  "create:recipes/building_blocks/spruce_window": {
    "criteria": {
      "has_ingredient": "2024-08-04 00:26:18 +0000"
    },
    "done": true
  },
  "minecraft:recipes/redstone/spruce_button": {
    "criteria": {
      "has_planks": "2024-08-04 00:26:18 +0000"
    },
    "done": true
  },
  "framedblocks:recipes/building_blocks/framed_cube": {
    "criteria": {
      "hasPlanks": "2024-08-04 00:26:18 +0000"
    },
    "done": true
  },
  "minecraft:recipes/redstone/spruce_pressure_plate": {
    "criteria": {
      "has_planks": "2024-08-04 00:26:18 +0000"
    },
    "done": true
  },
  "minecraft:recipes/decorations/barrel": {
    "criteria": {
      "has_planks": "2024-08-04 00:26:18 +0000"
    },
    "done": true
  },
  "minecraft:recipes/decorations/spruce_sign": {
    "criteria": {
      "has_planks": "2024-08-04 00:26:18 +0000"
    },
    "done": true
  },
  "mcwtrpdoors:recipes/spruce/spruce_blossom_trapdoor": {
    "criteria": {
      "has_plankss": "2024-08-04 00:26:18 +0000"
    },
    "done": true
  },
  "minecraft:recipes/building_blocks/spruce_slab": {
    "criteria": {
      "has_planks": "2024-08-04 00:26:18 +0000"
    },
    "done": true
  },
  "mcwbridges:recipes/spruce_log_bridge_middle": {
    "criteria": {
      "has_planks": "2024-08-04 00:26:18 +0000"
    },
    "done": true
  },
  "minecraft:recipes/redstone/spruce_trapdoor": {
    "criteria": {
      "has_planks": "2024-08-04 00:26:18 +0000"
    },
    "done": true
  },
  "minecraft:recipes/redstone/spruce_door": {
    "criteria": {
      "has_planks": "2024-08-04 00:26:18 +0000"
    },
    "done": true
  },
  "minecraft:recipes/redstone/spruce_fence_gate": {
    "criteria": {
      "has_planks": "2024-08-04 00:26:18 +0000"
    },
    "done": true
  },
  "minecraft:recipes/building_blocks/spruce_stairs": {
    "criteria": {
      "has_planks": "2024-08-04 00:26:18 +0000"
    },
    "done": true
  },
  "minecraft:recipes/decorations/ladder": {
    "criteria": {
      "has_stick": "2024-08-04 00:26:20 +0000"
    },
    "done": true
  },
  "minecraft:recipes/tools/wooden_axe": {
    "criteria": {
      "has_stick": "2024-08-04 00:26:20 +0000"
    },
    "done": true
  },
  "create:recipes/misc/crafting/appliances/crafting_blueprint": {
    "criteria": {
      "has_item": "2024-08-04 00:26:20 +0000"
    },
    "done": true
  },
  "minecraft:recipes/decorations/campfire": {
    "criteria": {
      "has_stick": "2024-08-04 00:26:20 +0000"
    },
    "done": true
  },
  "minecraft:recipes/tools/wooden_hoe": {
    "criteria": {
      "has_stick": "2024-08-04 00:26:20 +0000"
    },
    "done": true
  },
  "minecraft:recipes/tools/wooden_shovel": {
    "criteria": {
      "has_stick": "2024-08-04 00:26:20 +0000"
    },
    "done": true
  },
  "minecraft:recipes/combat/wooden_sword": {
    "criteria": {
      "has_stick": "2024-08-04 00:26:20 +0000"
    },
    "done": true
  },
  "farmersdelight:recipes/combat/flint_knife": {
    "criteria": {
      "has_stick": "2024-08-04 00:26:20 +0000"
    },
    "done": true
  },
  "minecraft:recipes/tools/wooden_pickaxe": {
    "criteria": {
      "has_stick": "2024-08-04 00:26:20 +0000"
    },
    "done": true
  },
  "farmersdelight:recipes/decorations/cutting_board": {
    "criteria": {
      "has_stick": "2024-08-04 00:26:20 +0000"
    },
    "done": true
  },
  "minecraft:story/root": {
    "criteria": {
      "crafting_table": "2024-08-04 00:26:20 +0000"
    },
    "done": true
  },
  "sliceanddice:recipes/misc/slicer": {
    "criteria": {
      "has_tool": "2024-08-04 00:26:50 +0000"
    },
    "done": true
  },
  "farmersdelight:recipes/food/sweet_berry_cookie": {
    "criteria": {
      "has_sweet_berries": "2024-08-04 00:27:43 +0000"
    },
    "done": true
  },
  "farmersdelight:main/plant_all_crops": {
    "criteria": {
      "sweet_berries": "2024-08-04 00:28:03 +0000"
    },
    "done": false
  },
  "minecraft:recipes/transportation/cherry_boat": {
    "criteria": {
      "in_water": "2024-08-04 00:29:32 +0000"
    },
    "done": true
  },
  "minecraft:recipes/transportation/bamboo_raft": {
    "criteria": {
      "in_water": "2024-08-04 00:29:32 +0000"
    },
    "done": true
  },
  "minecraft:recipes/transportation/acacia_boat": {
    "criteria": {
      "in_water": "2024-08-04 00:29:32 +0000"
    },
    "done": true
  },
  "minecraft:recipes/transportation/jungle_boat": {
    "criteria": {
      "in_water": "2024-08-04 00:29:32 +0000"
    },
    "done": true
  },
  "minecraft:recipes/transportation/spruce_boat": {
    "criteria": {
      "in_water": "2024-08-04 00:29:32 +0000"
    },
    "done": true
  },
  "minecraft:recipes/transportation/birch_boat": {
    "criteria": {
      "in_water": "2024-08-04 00:29:32 +0000"
    },
    "done": true
  },
  "minecraft:recipes/transportation/oak_boat": {
    "criteria": {
      "in_water": "2024-08-04 00:29:32 +0000"
    },
    "done": true
  },
  "minecraft:recipes/transportation/mangrove_boat": {
    "criteria": {
      "in_water": "2024-08-04 00:29:32 +0000"
    },
    "done": true
  },
  "minecraft:recipes/transportation/dark_oak_boat": {
    "criteria": {
      "in_water": "2024-08-04 00:29:32 +0000"
    },
    "done": true
  },
  "lootr:social": {
    "criteria": {
      "opened_chest": "2024-08-04 00:30:05 +0000"
    },
    "done": false
  },
  "lootr:1chest": {
    "criteria": {
      "opened_chest": "2024-08-04 00:30:05 +0000"
    },
    "done": true
  },
  "minecraft:husbandry/balanced_diet": {
    "criteria": {
      "beef": "2024-08-04 15:34:13 +0000",
      "potato": "2024-08-04 00:38:16 +0000",
      "bread": "2024-08-04 00:30:36 +0000"
    },
    "done": false
  },
  "farmersdelight:recipes/cooking/baked_cod_stew": {
    "criteria": {
      "has_any_ingredient": "2024-08-04 00:30:49 +0000"
    },
    "done": true
  },
  "minecraft:recipes/food/baked_potato_from_campfire_cooking": {
    "criteria": {
      "has_potato": "2024-08-04 00:30:49 +0000"
    },
    "done": true
  },
  "minecraft:recipes/food/baked_potato": {
    "criteria": {
      "has_potato": "2024-08-04 00:30:49 +0000"
    },
    "done": true
  },
  "farmersdelight:recipes/cooking/beef_stew": {
    "criteria": {
      "has_any_ingredient": "2024-08-04 00:30:49 +0000"
    },
    "done": true
  },
  "minecraft:recipes/food/baked_potato_from_smoking": {
    "criteria": {
      "has_potato": "2024-08-04 00:30:49 +0000"
    },
    "done": true
  },
  "farmersdelight:main/get_fd_seed": {
    "criteria": {
      "cabbage_seeds": "2024-08-04 00:30:55 +0000"
    },
    "done": true
  },
  "minecraft:recipes/decorations/chest": {
    "criteria": {
      "has_lots_of_items": "2024-08-04 00:30:55 +0000"
    },
    "done": true
  },
  "alexsmobs:alexsmobs/seagull_steal": {
    "criteria": {
      "ex": "2024-08-04 00:33:35 +0000"
    },
    "done": true
  },
  "minecraft:adventure/root": {
    "criteria": {
      "killed_something": "2024-08-04 00:36:21 +0000"
    },
    "done": true
  },
  "minecraft:adventure/kill_all_mobs": {
    "criteria": {
      "minecraft:spider": "2024-08-04 00:37:07 +0000"
    },
    "done": false
  },
  "minecraft:adventure/kill_a_mob": {
    "criteria": {
      "minecraft:spider": "2024-08-04 00:37:07 +0000"
    },
    "done": true
  },
  "minecraft:recipes/redstone/tripwire_hook": {
    "criteria": {
      "has_string": "2024-08-04 00:37:08 +0000"
    },
    "done": true
  },
  "minecraft:recipes/decorations/candle": {
    "criteria": {
      "has_string": "2024-08-04 00:37:08 +0000"
    },
    "done": true
  },
  "minecraft:recipes/combat/crossbow": {
    "criteria": {
      "has_string": "2024-08-04 00:37:08 +0000"
    },
    "done": true
  },
  "minecraft:recipes/combat/bow": {
    "criteria": {
      "has_string": "2024-08-04 00:37:08 +0000"
    },
    "done": true
  },
  "minecraft:recipes/tools/fishing_rod": {
    "criteria": {
      "has_string": "2024-08-04 00:37:08 +0000"
    },
    "done": true
  },
  "minecraft:recipes/brewing/fermented_spider_eye": {
    "criteria": {
      "has_spider_eye": "2024-08-04 00:37:08 +0000"
    },
    "done": true
  },
  "minecraft:recipes/building_blocks/white_wool_from_string": {
    "criteria": {
      "has_string": "2024-08-04 00:37:08 +0000"
    },
    "done": true
  },
  "minecraft:recipes/decorations/loom": {
    "criteria": {
      "has_string": "2024-08-04 00:37:08 +0000"
    },
    "done": true
  },
  "mcwdoors:recipes/birch": {
    "criteria": {
      "has_wood": "2024-08-04 00:39:32 +0000"
    },
    "done": true
  },
  "mcwtrpdoors:recipes/acacia/birch_bark_trapdoor": {
    "criteria": {
      "has_logs": "2024-08-04 00:39:32 +0000"
    },
    "done": true
  },
  "mcwtrpdoors:recipes/birch/birch_mystic_trapdoor": {
    "criteria": {
      "has_logs": "2024-08-04 00:39:32 +0000"
    },
    "done": true
  },
  "mcwtrpdoors:recipes/birch/birch_ranch_trapdoor": {
    "criteria": {
      "has_logs": "2024-08-04 00:39:33 +0000"
    },
    "done": true
  },
  "minecraft:recipes/building_blocks/birch_wood": {
    "criteria": {
      "has_log": "2024-08-04 00:39:33 +0000"
    },
    "done": true
  },
  "mcwtrpdoors:recipes/birch/birch_barn_trapdoor": {
    "criteria": {
      "has_logs": "2024-08-04 00:39:33 +0000"
    },
    "done": true
  },
  "mcwtrpdoors:recipes/birch/birch_beach_trapdoor": {
    "criteria": {
      "has_logs": "2024-08-04 00:39:33 +0000"
    },
    "done": true
  },
  "minecraft:recipes/building_blocks/birch_planks": {
    "criteria": {
      "has_logs": "2024-08-04 00:39:33 +0000"
    },
    "done": true
  },
  "mcwtrpdoors:recipes/print_paper": {
    "criteria": {
      "has_logs": "2024-08-04 00:39:33 +0000"
    },
    "done": true
  },
  "mcwtrpdoors:recipes/birch/birch_barred_trapdoor": {
    "criteria": {
      "has_logs": "2024-08-04 00:39:33 +0000"
    },
    "done": true
  },
  "mcwtrpdoors:recipes/birch/birch_four_panel_trapdoor": {
    "criteria": {
      "has_logs": "2024-08-04 00:39:33 +0000"
    },
    "done": true
  },
  "mcwtrpdoors:recipes/birch/birch_cottage_trapdoor": {
    "criteria": {
      "has_logs": "2024-08-04 00:39:33 +0000"
    },
    "done": true
  },
  "mcwbridges:recipes/birch_bridge_pier": {
    "criteria": {
      "has_planks": "2024-08-04 00:39:33 +0000"
    },
    "done": true
  },
  "mcwtrpdoors:recipes/birch/birch_glass_trapdoor": {
    "criteria": {
      "has_logs": "2024-08-04 00:39:33 +0000"
    },
    "done": true
  },
  "mcwtrpdoors:recipes/birch/birch_tropical_trapdoor": {
    "criteria": {
      "has_logs": "2024-08-04 00:39:33 +0000"
    },
    "done": true
  },
  "mcwtrpdoors:recipes/birch/birch_classic_trapdoor": {
    "criteria": {
      "has_logs": "2024-08-04 00:39:33 +0000"
    },
    "done": true
  },
  "mcwtrpdoors:recipes/birch/birch_swamp_trapdoor": {
    "criteria": {
      "has_logs": "2024-08-04 00:39:33 +0000"
    },
    "done": true
  },
  "mcwtrpdoors:recipes/birch/birch_barrel_trapdoor": {
    "criteria": {
      "has_logs": "2024-08-04 00:39:33 +0000"
    },
    "done": true
  },
  "railways:recipes/combat/dying_existing_cap_light_gray": {
    "criteria": {
      "hasitem": "2024-08-04 15:13:47 +0000"
    },
    "done": true
  },
  "farmersdelight:recipes/food/egg_sandwich": {
    "criteria": {
      "has_fried_egg": "2024-08-04 15:54:40 +0000"
    },
    "done": true
  },
  "minecraft:recipes/food/cooked_chicken_from_campfire_cooking": {
    "criteria": {
      "has_chicken": "2024-08-04 15:26:31 +0000"
    },
    "done": true
  },
  "alexsmobs:alexsmobs/enderiophage": {
    "criteria": {
      "killed_by": "2024-08-04 15:32:08 +0000"
    },
    "done": true
  },
  "railways:recipes/combat/dying_existing_cap_cyan": {
    "criteria": {
      "hasitem": "2024-08-04 15:13:47 +0000"
    },
    "done": true
  },
  "minecraft:nether/explore_nether": {
    "criteria": {
      "minecraft:crimson_forest": "2024-08-04 16:08:07 +0000",
      "minecraft:nether_wastes": "2024-08-04 16:08:12 +0000"
    },
    "done": false
  },
  "create:extendo_grip": {
    "criteria": {
      "0": "2024-08-04 15:28:15 +0000"
    },
    "done": true
  },
  "mcwtrpdoors:recipes/oak/oak_swamp_trapdoor": {
    "criteria": {
      "has_logs": "2024-08-04 15:05:30 +0000"
    },
    "done": true
  },
  "minecraft:recipes/building_blocks/stone_brick_stairs": {
    "criteria": {
      "has_stone_bricks": "2024-08-04 15:59:00 +0000"
    },
    "done": true
  },
  "alexsmobs:alexsmobs/banana_slug": {
    "criteria": {
      "killed_by": "2024-08-04 15:49:12 +0000"
    },
    "done": true
  },
  "farmersdelight:recipes/cooking/chicken_soup": {
    "criteria": {
      "has_any_ingredient": "2024-08-04 15:26:31 +0000"
    },
    "done": true
  },
  "railways:recipes/combat/dying_existing_cap_red": {
    "criteria": {
      "hasitem": "2024-08-04 15:13:47 +0000"
    },
    "done": true
  },
  "farmersdelight:recipes/food/fried_egg_from_campfire_cooking": {
    "criteria": {
      "fried_egg": "2024-08-04 15:26:31 +0000"
    },
    "done": true
  },
  "mcwtrpdoors:recipes/oak/oak_paper_trapdoor": {
    "criteria": {
      "has_logs": "2024-08-04 15:05:30 +0000"
    },
    "done": true
  },
  "framedblocks:recipes/building_blocks/framed_slope_slab": {
    "criteria": {
      "hasFramedSlope": "2024-08-04 15:05:07 +0000"
    },
    "done": true
  },
  "mcwbridges:recipes/brick_bridge_stair": {
    "criteria": {
      "has_planks": "2024-08-04 15:55:37 +0000"
    },
    "done": true
  },
  "framedblocks:recipes/building_blocks/framed_prism_corner": {
    "criteria": {
      "hasFramedSlope": "2024-08-04 15:05:07 +0000"
    },
    "done": true
  },
  "minecraft:recipes/decorations/oak_hanging_sign": {
    "criteria": {
      "has_stripped_logs": "2024-08-04 15:53:14 +0000"
    },
    "done": true
  },
  "framedblocks:recipes/building_blocks/framed_double_slope": {
    "criteria": {
      "hasFramedSlope": "2024-08-04 15:05:07 +0000"
    },
    "done": true
  },
  "mcwtrpdoors:recipes/oak/oak_glass_trapdoor": {
    "criteria": {
      "has_logs": "2024-08-04 15:05:30 +0000"
    },
    "done": true
  },
  "mcwtrpdoors:recipes/oak/oak_mystic_trapdoor": {
    "criteria": {
      "has_logs": "2024-08-04 15:05:30 +0000"
    },
    "done": true
  },
  "railways:recipes/combat/dying_existing_cap_magenta": {
    "criteria": {
      "hasitem": "2024-08-04 15:13:47 +0000"
    },
    "done": true
  },
  "minecraft:recipes/food/cooked_beef_from_smoking": {
    "criteria": {
      "has_beef": "2024-08-04 15:34:07 +0000"
    },
    "done": true
  },
  "chipped:recipes/botanist_workbench": {
    "criteria": {
      "has_botanist_workbench": "2024-08-04 15:55:06 +0000"
    },
    "done": true
  },
  "framedblocks:recipes/building_blocks/framed_prism": {
    "criteria": {
      "hasFramedSlope": "2024-08-04 15:05:07 +0000"
    },
    "done": true
  },
  "mcwtrpdoors:recipes/oak/oak_beach_trapdoor": {
    "criteria": {
      "has_logs": "2024-08-04 15:05:30 +0000"
    },
    "done": true
  },
  "railways:recipes/combat/dying_existing_cap_light_blue": {
    "criteria": {
      "hasitem": "2024-08-04 15:13:47 +0000"
    },
    "done": true
  },
  "framedblocks:recipes/building_blocks/framed_inner_threeway_corner": {
    "criteria": {
      "hasFramedSlope": "2024-08-04 15:05:07 +0000"
    },
    "done": true
  },
  "framedblocks:recipes/building_blocks/framed_inner_corner_slope": {
    "criteria": {
      "hasFramedSlope": "2024-08-04 15:05:07 +0000"
    },
    "done": true
  },
  "minecraft:recipes/food/cooked_chicken_from_smoking": {
    "criteria": {
      "has_chicken": "2024-08-04 15:26:31 +0000"
    },
    "done": true
  },
  "minecraft:recipes/building_blocks/stone_brick_slab": {
    "criteria": {
      "has_stone_bricks": "2024-08-04 15:59:00 +0000"
    },
    "done": true
  },
  "farmersdelight:recipes/cooking/pasta_with_meatballs": {
    "criteria": {
      "has_any_ingredient": "2024-08-04 15:34:07 +0000"
    },
    "done": true
  },
  "framedblocks:recipes/building_blocks/framed_slope_edge": {
    "criteria": {
      "hasFramedSlope": "2024-08-04 15:05:07 +0000"
    },
    "done": true
  },
  "minecraft:recipes/building_blocks/chiseled_stone_bricks_from_stone_bricks_stonecutting": {
    "criteria": {
      "has_stone_bricks": "2024-08-04 15:59:00 +0000"
    },
    "done": true
  },
  "minecraft:story/form_obsidian": {
    "criteria": {
      "obsidian": "2024-08-04 15:59:04 +0000"
    },
    "done": true
  },
  "framedblocks:recipes/building_blocks/framed_fancy_detector_rail_slope": {
    "criteria": {
      "hasFramedSlope": "2024-08-04 15:05:07 +0000"
    },
    "done": true
  },
  "alexsmobs:alexsmobs/skreecher": {
    "criteria": {
      "killed_by": "2024-08-04 15:48:22 +0000"
    },
    "done": true
  },
  "railways:recipes/combat/dying_existing_cap_brown": {
    "criteria": {
      "hasitem": "2024-08-04 15:13:47 +0000"
    },
    "done": true
  },
  "framedblocks:recipes/building_blocks/framed_double_stairs_rotate_to_framed_vertical_double_stairs": {
    "criteria": {
      "hasFramedDoubleStairs": "2024-08-04 15:11:53 +0000"
    },
    "done": true
  },
  "chipped:recipes/glassblower": {
    "criteria": {
      "has_glassblower": "2024-08-04 15:55:18 +0000"
    },
    "done": true
  },
  "framedblocks:recipes/building_blocks/framed_corner_slope": {
    "criteria": {
      "hasFramedSlope": "2024-08-04 15:05:07 +0000"
    },
    "done": true
  },
  "mcwtrpdoors:recipes/oak/oak_cottage_trapdoor": {
    "criteria": {
      "has_logs": "2024-08-04 15:05:30 +0000"
    },
    "done": true
  },
  "minecraft:recipes/building_blocks/oak_planks": {
    "criteria": {
      "has_logs": "2024-08-04 15:05:30 +0000"
    },
    "done": true
  },
  "railways:recipes/combat/dying_existing_cap_yellow": {
    "criteria": {
      "hasitem": "2024-08-04 15:13:47 +0000"
    },
    "done": true
  },
  "minecraft:recipes/building_blocks/stripped_oak_wood": {
    "criteria": {
      "has_log": "2024-08-04 15:53:14 +0000"
    },
    "done": true
  },
  "mcwtrpdoors:recipes/oak/oak_barn_trapdoor": {
    "criteria": {
      "has_logs": "2024-08-04 15:05:30 +0000"
    },
    "done": true
  },
  "create:burner": {
    "criteria": {
      "0": "2024-08-04 15:54:25 +0000"
    },
    "done": true
  },
  "mcwtrpdoors:recipes/oak/oak_barred_trapdoor": {
    "criteria": {
      "has_logs": "2024-08-04 15:05:30 +0000"
    },
    "done": true
  },
  "railways:recipes/misc/crafting/conductor_whistle": {
    "criteria": {
      "has_item": "2024-08-04 15:13:47 +0000"
    },
    "done": true
  },
  "minecraft:recipes/misc/nether_brick": {
    "criteria": {
      "has_netherrack": "2024-08-04 15:59:01 +0000"
    },
    "done": true
  },
  "railways:recipes/combat/dying_existing_cap_pink": {
    "criteria": {
      "hasitem": "2024-08-04 15:13:47 +0000"
    },
    "done": true
  },
  "minecraft:recipes/building_blocks/oak_wood": {
    "criteria": {
      "has_log": "2024-08-04 15:05:30 +0000"
    },
    "done": true
  },
  "minecraft:recipes/food/cooked_beef": {
    "criteria": {
      "has_beef": "2024-08-04 15:34:07 +0000"
    },
    "done": true
  },
  "farmersdelight:recipes/cooking/dog_food": {
    "criteria": {
      "has_any_ingredient": "2024-08-04 15:28:54 +0000"
    },
    "done": true
  },
  "farmersdelight:recipes/food/fried_egg_from_smoking": {
    "criteria": {
      "fried_egg": "2024-08-04 15:26:31 +0000"
    },
    "done": true
  },
  "minecraft:recipes/food/cake": {
    "criteria": {
      "has_egg": "2024-08-04 15:26:31 +0000"
    },
    "done": true
  },
  "minecraft:recipes/decorations/stone_brick_wall": {
    "criteria": {
      "has_stone_bricks": "2024-08-04 15:59:00 +0000"
    },
    "done": true
  },
  "farmersdelight:main/place_skillet": {
    "criteria": {
      "skillet": "2024-08-04 15:53:17 +0000"
    },
    "done": true
  },
  "minecraft:recipes/food/cooked_chicken": {
    "criteria": {
      "has_chicken": "2024-08-04 15:26:31 +0000"
    },
    "done": true
  },
  "framedblocks:recipes/building_blocks/framed_detector_rail_slope": {
    "criteria": {
      "hasFramedSlope": "2024-08-04 15:05:07 +0000"
    },
    "done": true
  },
  "minecraft:recipes/building_blocks/cracked_stone_bricks": {
    "criteria": {
      "has_stone_bricks": "2024-08-04 15:59:00 +0000"
    },
    "done": true
  },
  "framedblocks:recipes/building_blocks/framed_activator_rail_slope": {
    "criteria": {
      "hasFramedSlope": "2024-08-04 15:05:07 +0000"
    },
    "done": true
  },
  "minecraft:recipes/building_blocks/stone_brick_stairs_from_stone_bricks_stonecutting": {
    "criteria": {
      "has_stone_bricks": "2024-08-04 15:59:00 +0000"
    },
    "done": true
  },
  "farmersdelight:recipes/decorations/safety_net": {
    "criteria": {
      "has_rope": "2024-08-04 15:35:06 +0000"
    },
    "done": true
  },
  "minecraft:story/enter_the_nether": {
    "criteria": {
      "entered_nether": "2024-08-04 16:07:59 +0000"
    },
    "done": true
  },
  "framedblocks:recipes/building_blocks/framed_slope_panel": {
    "criteria": {
      "hasFramedSlope": "2024-08-04 15:05:07 +0000"
    },
    "done": true
  },
  "mcwtrpdoors:recipes/oak/oak_tropical_trapdoor": {
    "criteria": {
      "has_logs": "2024-08-04 15:05:30 +0000"
    },
    "done": true
  },
  "minecraft:recipes/building_blocks/chiseled_stone_bricks": {
    "criteria": {
      "has_tag": "2024-08-04 15:59:00 +0000"
    },
    "done": true
  },
  "framedblocks:recipes/building_blocks/framed_fancy_rail_slope": {
    "criteria": {
      "hasFramedSlope": "2024-08-04 15:05:07 +0000"
    },
    "done": true
  },
  "framedblocks:recipes/building_blocks/framed_rail_slope": {
    "criteria": {
      "hasFramedSlope": "2024-08-04 15:05:07 +0000"
    },
    "done": true
  },
  "railways:recipes/combat/dying_existing_cap_purple": {
    "criteria": {
      "hasitem": "2024-08-04 15:13:47 +0000"
    },
    "done": true
  },
  "framedblocks:recipes/building_blocks/framed_powered_rail_slope": {
    "criteria": {
      "hasFramedSlope": "2024-08-04 15:05:07 +0000"
    },
    "done": true
  },
  "framedblocks:recipes/building_blocks/framed_threeway_corner": {
    "criteria": {
      "hasFramedSlope": "2024-08-04 15:05:07 +0000"
    },
    "done": true
  },
  "framedblocks:recipes/building_blocks/framed_inner_prism_corner": {
    "criteria": {
      "hasFramedSlope": "2024-08-04 15:05:07 +0000"
    },
    "done": true
  },
  "railways:recipes/combat/dying_existing_cap_gray": {
    "criteria": {
      "hasitem": "2024-08-04 15:13:47 +0000"
    },
    "done": true
  },
  "mcwtrpdoors:recipes/print_classic": {
    "criteria": {
      "has_logs": "2024-08-04 15:05:30 +0000"
    },
    "done": true
  },
  "minecraft:recipes/decorations/stone_brick_wall_from_stone_bricks_stonecutting": {
    "criteria": {
      "has_stone_bricks": "2024-08-04 15:59:00 +0000"
    },
    "done": true
  },
  "mcwtrpdoors:recipes/oak/oak_four_panel_trapdoor": {
    "criteria": {
      "has_logs": "2024-08-04 15:05:30 +0000"
    },
    "done": true
  },
  "framedblocks:recipes/building_blocks/framed_vertical_double_half_stairs": {
    "criteria": {
      "hasFramedVerticalHalfStairs": "2024-08-04 15:11:52 +0000"
    },
    "done": true
  },
  "farmersdelight:recipes/cooking/fried_rice": {
    "criteria": {
      "has_any_ingredient": "2024-08-04 15:26:31 +0000"
    },
    "done": true
  },
  "immersive_paintings:misc/glow_graffiti": {
    "criteria": {
      "has_item": "2024-08-04 15:12:56 +0000"
    },
    "done": true
  },
  "mcwbridges:recipes/bamboo_bridge_stair": {
    "criteria": {
      "has_planks": "2024-08-04 15:09:52 +0000"
    },
    "done": true
  },
  "railways:recipes/combat/dying_existing_cap_green": {
    "criteria": {
      "hasitem": "2024-08-04 15:13:47 +0000"
    },
    "done": true
  },
  "mcwbridges:recipes/oak_bridge_pier": {
    "criteria": {
      "has_planks": "2024-08-04 15:05:30 +0000"
    },
    "done": true
  },
  "framedblocks:recipes/building_blocks/framed_inner_prism": {
    "criteria": {
      "hasFramedSlope": "2024-08-04 15:05:07 +0000"
    },
    "done": true
  },
  "mcwtrpdoors:recipes/acacia/oak_bark_trapdoor": {
    "criteria": {
      "has_logs": "2024-08-04 15:05:30 +0000"
    },
    "done": true
  },
  "mcwbridges:recipes/iron_bridge_stair": {
    "criteria": {
      "has_planks": "2024-08-04 16:03:21 +0000"
    },
    "done": true
  },
  "mcwtrpdoors:recipes/oak/oak_barrel_trapdoor": {
    "criteria": {
      "has_logs": "2024-08-04 15:05:30 +0000"
    },
    "done": true
  },
  "minecraft:recipes/building_blocks/stone_brick_slab_from_stone_bricks_stonecutting": {
    "criteria": {
      "has_stone_bricks": "2024-08-04 15:59:00 +0000"
    },
    "done": true
  },
  "minecraft:nether/root": {
    "criteria": {
      "entered_nether": "2024-08-04 16:07:59 +0000"
    },
    "done": true
  },
  "minecraft:recipes/tools/flint_and_steel": {
    "criteria": {
      "has_obsidian": "2024-08-04 15:59:04 +0000"
    },
    "done": true
  },
  "framedblocks:recipes/building_blocks/framed_fancy_powered_rail_slope": {
    "criteria": {
      "hasFramedSlope": "2024-08-04 15:05:07 +0000"
    },
    "done": true
  },
  "railways:recipes/combat/dying_existing_cap_white": {
    "criteria": {
      "hasitem": "2024-08-04 15:13:47 +0000"
    },
    "done": true
  },
  "mcwtrpdoors:recipes/oak/oak_ranch_trapdoor": {
    "criteria": {
      "has_logs": "2024-08-04 15:05:30 +0000"
    },
    "done": true
  },
  "framedblocks:recipes/building_blocks/framed_vertical_divided_stairs": {
    "criteria": {
      "hasFramedVerticalHalfStairs": "2024-08-04 15:11:52 +0000"
    },
    "done": true
  },
  "framedblocks:recipes/building_blocks/framed_fancy_activator_rail_slope": {
    "criteria": {
      "hasFramedSlope": "2024-08-04 15:05:07 +0000"
    },
    "done": true
  },
  "railways:recipes/combat/dying_existing_cap_blue": {
    "criteria": {
      "hasitem": "2024-08-04 15:13:47 +0000"
    },
    "done": true
  },
  "railways:recipes/combat/dying_existing_cap_orange": {
    "criteria": {
      "hasitem": "2024-08-04 15:13:47 +0000"
    },
    "done": true
  },
  "railways:recipes/combat/dying_existing_cap_lime": {
    "criteria": {
      "hasitem": "2024-08-04 15:13:47 +0000"
    },
    "done": true
  },
  "farmersdelight:recipes/building_blocks/organic_compost_from_rotten_flesh": {
    "criteria": {
      "has_rotten_flesh": "2024-08-04 15:28:54 +0000"
    },
    "done": true
  },
  "alexsmobs:alexsmobs/skelewag": {
    "criteria": {
      "killed_by": "2024-08-04 15:47:07 +0000"
    },
    "done": true
  },
  "railways:recipes/combat/dying_existing_cap_black": {
    "criteria": {
      "hasitem": "2024-08-04 15:13:47 +0000"
    },
    "done": true
  },
  "mcwbridges:recipes/stone_bridge_pier": {
    "criteria": {
      "has_planks": "2024-08-04 15:59:00 +0000"
    },
    "done": true
  },
  "mcwdoors:recipes/oak": {
    "criteria": {
      "has_wood": "2024-08-04 15:05:30 +0000"
    },
    "done": true
  },
  "framedblocks:recipes/building_blocks/framed_pyramid_slab": {
    "criteria": {
      "hasFramedSlope": "2024-08-04 15:05:07 +0000"
    },
    "done": true
  },
  "minecraft:recipes/decorations/enchanting_table": {
    "criteria": {
      "has_obsidian": "2024-08-04 15:59:04 +0000"
    },
    "done": true
  },
  "alexsmobs:alexsmobs/warped_mosco_kill": {
    "criteria": {
      "killed": "2024-08-04 15:26:26 +0000"
    },
    "done": true
  },
  "mcwbridges:recipes/stone_brick_bridge": {
    "criteria": {
      "has_planks": "2024-08-04 15:59:00 +0000"
    },
    "done": true
  },
  "framedblocks:recipes/building_blocks/framed_half_slope": {
    "criteria": {
      "hasFramedSlope": "2024-08-04 15:05:07 +0000"
    },
    "done": true
  },
  "minecraft:recipes/food/cooked_beef_from_campfire_cooking": {
    "criteria": {
      "has_beef": "2024-08-04 15:34:07 +0000"
    },
    "done": true
  },
  "farmersdelight:recipes/food/fried_egg": {
    "criteria": {
      "fried_egg": "2024-08-04 15:26:31 +0000"
    },
    "done": true
  },
  "DataVersion": 3465
}