{
  "toms_storage:unlock_netherite": {
    "criteria": {
      "inv_changed-netherite": "2024-08-05 04:24:43 +0000"
    },
    "done": true
  },
  "toms_storage:unlock_glowstone": {
    "criteria": {
      "inv_changed-glowstone": "2024-08-05 04:24:43 +0000"
    },
    "done": true
  },
  "create_connected:root": {
    "criteria": {
      "0": "2024-08-05 04:24:43 +0000"
    },
    "done": true
  },
  "farmersdelight:main/root": {
    "criteria": {
      "seeds": "2024-08-05 04:24:43 +0000"
    },
    "done": true
  },
  "toms_storage:unlock_chest": {
    "criteria": {
      "inv_changed-chest": "2024-08-05 04:24:43 +0000"
    },
    "done": true
  },
  "create:root": {
    "criteria": {
      "0": "2024-08-05 04:24:43 +0000"
    },
    "done": true
  },
  "toms_storage:unlock_dia_pearl": {
    "criteria": {
      "inv_changed-ender_pearl": "2024-08-05 04:24:43 +0000",
      "inv_changed-diamond": "2024-08-05 04:24:43 +0000"
    },
    "done": true
  },
  "stellarity:cursed_tome/spellbooks/updraft": {
    "criteria": {
      "requirement": "2024-08-05 04:24:44 +0000"
    },
    "done": true
  },
  "stellarity:cursed_tome/spellbooks/light": {
    "criteria": {
      "requirement": "2024-08-05 04:24:44 +0000"
    },
    "done": true
  },
  "stellarity:dragons_den/cursed_tome/root": {
    "criteria": {
      "requirement": "2024-08-05 04:24:44 +0000"
    },
    "done": true
  },
  "stellarity:dragons_den/cursed_tome/items/spellbooks/unlock_conveyance": {
    "criteria": {
      "requirement": "2024-08-05 04:24:44 +0000"
    },
    "done": true
  },
  "stellarity:cursed_tome/spellbooks/natures_wrath": {
    "criteria": {
      "requirement": "2024-08-05 04:24:44 +0000"
    },
    "done": true
  },
  "stellarity:dragons_den/cursed_tome/items/spellbooks/unlock_updraft": {
    "criteria": {
      "requirement": "2024-08-05 04:24:44 +0000"
    },
    "done": true
  },
  "stellarity:story/drop_rare_illager_loot": {
    "criteria": {
      "drop3": "2024-08-05 04:24:44 +0000",
      "drop4": "2024-08-05 04:24:44 +0000"
    },
    "done": true
  },
  "stellarity:cursed_tome/spellbooks/conveyance": {
    "criteria": {
      "requirement": "2024-08-05 04:24:44 +0000"
    },
    "done": true
  },
  "stellarity:dragons_den/cursed_tome/items/spellbooks/unlock_light": {
    "criteria": {
      "requirement": "2024-08-05 04:24:44 +0000"
    },
    "done": true
  },
  "stellarity:cursed_tome/root": {
    "criteria": {
      "requirement": "2024-08-05 04:24:44 +0000"
    },
    "done": true
  },
  "minecraft:adventure/adventuring_time": {
    "criteria": {
      "minecraft:deep_ocean": "2024-08-05 04:50:53 +0000",
      "minecraft:beach": "2024-08-05 04:42:39 +0000",
      "minecraft:lukewarm_ocean": "2024-08-05 04:51:29 +0000",
      "minecraft:river": "2024-08-05 04:37:41 +0000",
      "minecraft:stony_shore": "2024-08-05 04:43:29 +0000",
      "minecraft:forest": "2024-08-05 04:24:46 +0000",
      "minecraft:lush_caves": "2024-08-05 04:53:49 +0000",
      "minecraft:ocean": "2024-08-05 04:42:28 +0000",
      "minecraft:deep_lukewarm_ocean": "2024-08-05 04:51:12 +0000",
      "minecraft:savanna": "2024-08-05 04:29:09 +0000",
      "minecraft:plains": "2024-08-05 04:28:56 +0000"
    },
    "done": false
  },
  "regions_unexplored:parent": {
    "criteria": {
      "load_in_world": "2024-08-05 04:24:46 +0000"
    },
    "done": true
  },
  "minecraft:husbandry/root": {
    "criteria": {
      "consumed_item": "2024-08-05 04:25:05 +0000"
    },
    "done": true
  },
  "alexsmobs:alexsmobs/root": {
    "criteria": {
      "useitem": "2024-08-05 04:25:05 +0000"
    },
    "done": true
  },
  "stellarity:events/items/spellbooks/natures_wrath/been_to_forest": {
    "criteria": {
      "1": "2024-08-05 04:26:32 +0000"
    },
    "done": true
  },
  "minecraft:adventure/root": {
    "criteria": {
      "killed_something": "2024-08-05 04:26:41 +0000"
    },
    "done": true
  },
  "minecraft:story/root": {
    "criteria": {
      "crafting_table": "2024-08-05 04:27:28 +0000"
    },
    "done": true
  },
  "regions_unexplored:pioneer": {
    "criteria": {
      "mauve_hills": "2024-08-05 16:40:17 +0000",
      "shrubland": "2024-08-05 04:36:44 +0000",
      "pine_taiga": "2024-08-05 16:43:49 +0000",
      "grassy_beach": "2024-08-05 04:29:45 +0000",
      "rocky_meadow": "2024-08-05 16:45:05 +0000",
      "ochard": "2024-08-05 04:37:14 +0000",
      "magnolia_highlands": "2024-08-05 16:43:24 +0000",
      "deciduous_forest": "2024-08-05 04:29:29 +0000",
      "temperate_grove": "2024-08-05 04:33:20 +0000",
      "cold_river": "2024-08-05 04:37:45 +0000",
      "pumpkin_fields": "2024-08-05 04:38:22 +0000",
      "prairie": "2024-08-05 04:29:31 +0000"
    },
    "done": false
  },
  "regions_unexplored:regions_explored": {
    "criteria": {
      "mauve_hills": "2024-08-05 16:40:17 +0000",
      "shrubland": "2024-08-05 04:36:44 +0000",
      "pine_taiga": "2024-08-05 16:43:49 +0000",
      "grassy_beach": "2024-08-05 04:29:45 +0000",
      "rocky_meadow": "2024-08-05 16:45:05 +0000",
      "ochard": "2024-08-05 04:37:14 +0000",
      "magnolia_highlands": "2024-08-05 16:43:24 +0000",
      "deciduous_forest": "2024-08-05 04:29:29 +0000",
      "temperate_grove": "2024-08-05 04:33:20 +0000",
      "cold_river": "2024-08-05 04:37:45 +0000",
      "pumpkin_fields": "2024-08-05 04:38:22 +0000",
      "prairie": "2024-08-05 04:29:31 +0000"
    },
    "done": false
  },
  "minecraft:husbandry/balanced_diet": {
    "criteria": {
      "porkchop": "2024-08-05 04:30:11 +0000",
      "mutton": "2024-08-05 04:30:50 +0000",
      "bread": "2024-08-05 04:36:06 +0000"
    },
    "done": false
  },
  "minecraft:adventure/sleep_in_bed": {
    "criteria": {
      "slept_in_bed": "2024-08-05 04:34:44 +0000"
    },
    "done": true
  },
  "alexsmobs:alexsmobs/seagull_steal": {
    "criteria": {
      "ex": "2024-08-05 04:36:30 +0000"
    },
    "done": true
  },
  "minecraft:story/mine_stone": {
    "criteria": {
      "get_stone": "2024-08-05 04:39:17 +0000"
    },
    "done": true
  },
  "minecraft:story/upgrade_tools": {
    "criteria": {
      "stone_pickaxe": "2024-08-05 04:40:07 +0000"
    },
    "done": true
  },
  "alexscaves:alexscaves/extinction_spear": {
    "criteria": {
      "dreadbow": "2024-08-05 04:46:06 +0000"
    },
    "done": true
  },
  "minecraft:adventure/kill_all_mobs": {
    "criteria": {
      "minecraft:skeleton": "2024-08-05 04:46:50 +0000",
      "minecraft:spider": "2024-08-05 16:42:46 +0000",
      "minecraft:creeper": "2024-08-05 16:59:58 +0000",
      "minecraft:phantom": "2024-08-05 05:06:27 +0000",
      "minecraft:ender_dragon": "2024-08-05 05:00:58 +0000",
      "minecraft:shulker": "2024-08-05 05:07:12 +0000",
      "minecraft:enderman": "2024-08-05 05:02:53 +0000",
      "minecraft:zombie": "2024-08-05 04:46:55 +0000"
    },
    "done": false
  },
  "minecraft:adventure/kill_a_mob": {
    "criteria": {
      "minecraft:skeleton": "2024-08-05 04:46:50 +0000"
    },
    "done": true
  },
  "alexscaves:alexscaves/dreadbow": {
    "criteria": {
      "dreadbow": "2024-08-05 04:48:03 +0000"
    },
    "done": true
  },
  "alexscaves:alexscaves/burrowing_arrow": {
    "criteria": {
      "burrowing_arrow": "2024-08-05 04:48:16 +0000"
    },
    "done": true
  },
  "alexscaves:alexscaves/desolate_dagger": {
    "criteria": {
      "desolate_dagger": "2024-08-05 04:49:18 +0000"
    },
    "done": true
  },
  "stellarity:story/strengthened_by_fire": {
    "criteria": {
      "criteria": "2024-08-05 04:50:03 +0000"
    },
    "done": true
  },
  "minecraft:story/follow_ender_eye": {
    "criteria": {
      "in_stronghold": "2024-08-05 04:53:49 +0000"
    },
    "done": true
  },
  "stellarity:story/journeys_end": {
    "criteria": {
      "activate_portal": "2024-08-05 04:54:43 +0000"
    },
    "done": true
  },
  "minecraft:end/root": {
    "criteria": {
      "entered_end": "2024-08-05 04:54:48 +0000"
    },
    "done": true
  },
  "minecraft:story/enter_the_end": {
    "criteria": {
      "entered_end": "2024-08-05 04:54:48 +0000"
    },
    "done": true
  },
  "stellarity:events/first_time_in_end": {
    "criteria": {
      "requirement": "2024-08-05 04:55:05 +0000"
    },
    "done": true
  },
  "minecraft:nether/obtain_crying_obsidian": {
    "criteria": {
      "crying_obsidian": "2024-08-05 04:55:29 +0000"
    },
    "done": true
  },
  "stellarity:dragons_den/sacrificial_ritual": {
    "criteria": {
      "requirement": "2024-08-05 04:55:41 +0000"
    },
    "done": true
  },
  "stellarity:dragons_den/final_showdown": {
    "criteria": {
      "spawn_dragon_first_time": "2024-08-05 04:56:02 +0000"
    },
    "done": true
  },
  "alexsmobs:alexsmobs/enderiophage": {
    "criteria": {
      "killed_by": "2024-08-05 04:56:21 +0000"
    },
    "done": true
  },
  "stellarity:cursed_tome/trinkets/ender_insignia": {
    "criteria": {
      "requirement2": "2024-08-05 05:00:58 +0000"
    },
    "done": true
  },
  "stellarity:dragons_den/cursed_tome/items/trinkets/unlock_crest_of_the_end": {
    "criteria": {
      "requirement2": "2024-08-05 05:00:58 +0000"
    },
    "done": true
  },
  "stellarity:cursed_tome/tamaris": {
    "criteria": {
      "requirement2": "2024-08-05 05:00:58 +0000"
    },
    "done": true
  },
  "stellarity:dragons_den/cursed_tome/items/unlock_tamaris": {
    "criteria": {
      "requirement2": "2024-08-05 05:00:58 +0000"
    },
    "done": true
  },
  "stellarity:cursed_tome/dragonblade": {
    "criteria": {
      "requirement2": "2024-08-05 05:00:58 +0000"
    },
    "done": true
  },
  "stellarity:cursed_tome/trinkets/crest_of_the_end": {
    "criteria": {
      "requirement2": "2024-08-05 05:00:58 +0000"
    },
    "done": true
  },
  "stellarity:dragons_den/cursed_tome/items/trinkets/unlock_ender_insignia": {
    "criteria": {
      "requirement2": "2024-08-05 05:00:58 +0000"
    },
    "done": true
  },
  "minecraft:end/kill_dragon": {
    "criteria": {
      "kill_dragon": "2024-08-05 05:01:10 +0000"
    },
    "done": true
  },
  "stellarity:aota/obtain_dragonblade": {
    "criteria": {
      "requirement": "2024-08-05 05:02:26 +0000"
    },
    "done": true
  },
  "stellarity:story/obtain_an_ender_pearl": {
    "criteria": {
      "criteria": "2024-08-05 05:04:02 +0000"
    },
    "done": true
  },
  "minecraft:end/enter_end_gateway": {
    "criteria": {
      "entered_end_gateway": "2024-08-05 05:04:25 +0000"
    },
    "done": true
  },
  "stellarity:exploration/ender_adventurer": {
    "criteria": {
      "ender_waste": "2024-08-05 05:05:38 +0000",
      "end_barrens": "2024-08-05 05:05:02 +0000"
    },
    "done": false
  },
  "stellarity:cursed_tome/ancient_armor": {
    "criteria": {
      "requirement3": "2024-08-05 05:05:53 +0000"
    },
    "done": true
  },
  "stellarity:dragons_den/cursed_tome/items/unlock_ancient_armor": {
    "criteria": {
      "requirement3": "2024-08-05 05:05:53 +0000"
    },
    "done": true
  },
  "stellarity:dragons_den/cursed_tome/items/unlock_pandoras_barrel": {
    "criteria": {
      "requirement2": "2024-08-05 05:05:53 +0000"
    },
    "done": true
  },
  "stellarity:cursed_tome/zephyr": {
    "criteria": {
      "requirement": "2024-08-05 05:05:53 +0000"
    },
    "done": true
  },
  "stellarity:dragons_den/cursed_tome/items/unlock_hallowed_armor": {
    "criteria": {
      "requirement3": "2024-08-05 05:05:53 +0000"
    },
    "done": true
  },
  "stellarity:cursed_tome/hallowed_armor": {
    "criteria": {
      "requirement3": "2024-08-05 05:05:53 +0000"
    },
    "done": true
  },
  "stellarity:cursed_tome/pandoras_barrel": {
    "criteria": {
      "requirement2": "2024-08-05 05:05:53 +0000"
    },
    "done": true
  },
  "stellarity:dragons_den/cursed_tome/items/unlock_zephyr": {
    "criteria": {
      "requirement": "2024-08-05 05:05:53 +0000"
    },
    "done": true
  },
  "minecraft:end/find_end_city": {
    "criteria": {
      "in_city": "2024-08-05 05:05:53 +0000"
    },
    "done": true
  },
  "stellarity:cursed_tome/spirit_dagger": {
    "criteria": {
      "requirement2": "2024-08-05 05:06:27 +0000"
    },
    "done": true
  },
  "stellarity:adventure/kill_large_phantom": {
    "criteria": {
      "size_doesnt_matter": "2024-08-05 05:06:27 +0000"
    },
    "done": true
  },
  "stellarity:adventure/night_sky_stalkers": {
    "criteria": {
      "sleep_deprivation": "2024-08-05 05:06:27 +0000"
    },
    "done": true
  },
  "stellarity:dragons_den/cursed_tome/items/unlock_spirit_dagger": {
    "criteria": {
      "requirement2": "2024-08-05 05:06:27 +0000"
    },
    "done": true
  },
  "stellarity:end_city/whos_the_thief_now": {
    "criteria": {
      "open_chest_3": "2024-08-05 05:06:40 +0000"
    },
    "done": true
  },
  "stellarity:end_city/defeat_shulker": {
    "criteria": {
      "defeat_shulkers": "2024-08-05 05:07:12 +0000"
    },
    "done": true
  },
  "stellarity:dragons_den/cursed_tome/items/unlock_shulker_things": {
    "criteria": {
      "requirement": "2024-08-05 05:07:15 +0000"
    },
    "done": true
  },
  "stellarity:cursed_tome/shulker_things": {
    "criteria": {
      "requirement": "2024-08-05 05:07:15 +0000"
    },
    "done": true
  },
  "stellarity:adventure/anger_enderman": {
    "criteria": {
      "anger_enderman": "2024-08-05 05:09:53 +0000"
    },
    "done": true
  },
  "stellarity:events/on_death": {
    "criteria": {
      "requirement": "2024-08-05 05:10:47 +0000"
    },
    "done": true
  },
  "stellarity:cursed_tome/sabrewing": {
    "criteria": {
      "requirement": "2024-08-05 16:42:34 +0000"
    },
    "done": true
  },
  "stellarity:dragons_den/cursed_tome/items/unlock_sabrewing": {
    "criteria": {
      "requirement": "2024-08-05 16:42:34 +0000"
    },
    "done": true
  },
  "minecraft:adventure/shoot_arrow": {
    "criteria": {
      "shot_arrow": "2024-08-05 16:42:42 +0000"
    },
    "done": true
  },
  "farmersdelight:main/place_skillet": {
    "criteria": {
      "skillet": "2024-08-05 16:50:55 +0000"
    },
    "done": true
  },
  "alexscaves:alexscaves/resistor_shield": {
    "criteria": {
      "resistor_shield": "2024-08-05 16:58:53 +0000"
    },
    "done": true
  },
  "alexscaves:alexscaves/tremorzilla_egg": {
    "criteria": {
      "quarry": "2024-08-05 17:01:58 +0000"
    },
    "done": true
  },
  "minecraft:nether/netherite_armor": {
    "criteria": {
      "netherite_armor": "2024-08-05 17:02:22 +0000"
    },
    "done": true
  },
  "minecraft:adventure/totem_of_undying": {
    "criteria": {
      "used_totem": "2024-08-05 17:04:44 +0000"
    },
    "done": true
  },
  "alexscaves:alexscaves/raygun": {
    "criteria": {
      "raygun": "2024-08-05 17:06:22 +0000"
    },
    "done": true
  },
  "alexsmobs:alexsmobs/grizzly_bear": {
    "criteria": {
      "killed_by": "2024-08-05 17:06:55 +0000"
    },
    "done": true
  },
  "alexscaves:alexscaves/nuclear_bomb": {
    "criteria": {
      "nuclear_bomb": "2024-08-05 17:07:13 +0000"
    },
    "done": true
  },
  "create:burner": {
    "criteria": {
      "0": "2024-08-05 17:12:27 +0000"
    },
    "done": true
  },
  "alexscaves:alexscaves/deep_one_items": {
    "criteria": {
      "sea_staff": "2024-08-05 17:13:41 +0000"
    },
    "done": false
  },
  "DataVersion": 3465
}